house,appliance,start,end,duration_min,energy_kwh,avg_kw,peak_kw
H01,washing_machine,2012-11-10 10:24:00,2012-11-10 11:57:00,94,0.7637,0.4874,2.0528
H01,washing_machine,2012-11-11 14:11:00,2012-11-11 15:45:00,95,0.7154,0.4518,2.1355
H01,washing_machine,2012-11-11 19:34:00,2012-11-11 21:09:00,96,0.7715,0.4822,1.9738
H01,washing_machine,2012-11-13 16:01:00,2012-11-13 17:35:00,95,0.7621,0.4813,1.9352
H01,washing_machine,2012-11-14 13:45:00,2012-11-14 15:17:00,93,0.6901,0.4452,2.1492
H01,washing_machine,2012-11-14 18:55:00,2012-11-14 20:31:00,97,0.7529,0.4657,1.9736
H01,washing_machine,2012-11-22 08:48:00,2012-11-22 10:25:00,98,0.8725,0.5342,1.9722
H01,washing_machine,2012-11-23 13:59:00,2012-11-23 15:22:00,84,0.4748,0.3391,1.8902
H01,washing_machine,2012-11-29 13:01:00,2012-11-29 14:34:00,94,0.7773,0.4962,1.9847
H01,washing_machine,2012-11-30 08:17:00,2012-11-30 09:51:00,95,0.784,0.4952,1.9911
H01,washing_machine,2012-12-03 08:16:00,2012-12-03 09:19:00,64,0.6835,0.6408,1.9633
H01,washing_machine,2012-12-14 07:21:00,2012-12-14 08:56:00,96,0.7713,0.4821,1.9251
H01,washing_machine,2012-12-15 09:35:00,2012-12-15 11:12:00,98,0.8187,0.5013,1.9526
H01,washing_machine,2012-12-15 13:37:00,2012-12-15 15:15:00,99,0.8404,0.5093,1.9371
H01,washing_machine,2012-12-15 16:20:00,2012-12-15 17:55:00,96,0.8172,0.5108,1.9541
H01,washing_machine,2012-12-23 18:09:00,2012-12-23 19:43:00,95,0.7212,0.4555,1.9001
H01,washing_machine,2012-12-24 12:59:00,2012-12-24 14:32:00,94,0.7341,0.4686,1.9603
H01,washing_machine,2012-12-26 16:03:00,2012-12-26 17:43:00,101,0.9136,0.5427,1.8863
H01,washing_machine,2012-12-30 09:39:00,2012-12-30 11:11:00,93,0.7125,0.4597,1.9406
H01,washing_machine,2012-12-31 15:49:00,2012-12-31 17:25:00,97,0.7871,0.4869,1.9141
H01,washing_machine,2013-01-01 09:35:00,2013-01-01 11:09:00,95,0.7583,0.4789,1.9644
H01,washing_machine,2013-01-02 12:49:00,2013-01-02 14:28:00,100,0.8727,0.5236,1.9023
H01,washing_machine,2013-01-03 13:16:00,2013-01-03 13:53:00,38,0.0763,0.1205,1.2628
H01,washing_machine,2013-01-03 14:22:00,2013-01-03 14:33:00,12,0.0212,0.106,0.2479
H01,washing_machine,2013-01-05 09:37:00,2013-01-05 11:10:00,94,0.7363,0.47,1.9288
H01,washing_machine,2013-01-06 12:42:00,2013-01-06 14:16:00,95,0.7531,0.4757,1.9576
H01,washing_machine,2013-01-07 11:39:00,2013-01-07 12:54:00,76,0.6264,0.4945,2.0358
H01,washing_machine,2013-01-09 19:43:00,2013-01-09 21:33:00,111,1.339,0.7238,1.9478
H01,washing_machine,2013-01-10 08:39:00,2013-01-10 10:30:00,112,1.348,0.7221,1.9855
H01,washing_machine,2013-01-18 12:06:00,2013-01-18 13:44:00,99,0.9149,0.5545,2.0469
H01,washing_machine,2013-01-21 18:59:00,2013-01-21 20:39:00,101,0.896,0.5323,1.8984
H01,washing_machine,2013-01-24 14:10:00,2013-01-24 14:43:00,34,0.6784,1.1972,1.9832
H01,washing_machine,2013-01-24 14:56:00,2013-01-24 15:35:00,40,0.0904,0.1357,0.3103
H01,washing_machine,2013-01-26 11:15:00,2013-01-26 13:27:00,133,1.8506,0.8348,1.9298
H01,washing_machine,2013-01-26 14:14:00,2013-01-26 15:57:00,104,1.0361,0.5977,1.9286
H01,washing_machine,2013-01-27 13:23:00,2013-01-27 15:12:00,110,1.2617,0.6882,1.971
H01,washing_machine,2013-01-29 10:37:00,2013-01-29 12:13:00,97,0.7884,0.4877,1.9139
H01,washing_machine,2013-01-29 15:06:00,2013-01-29 16:46:00,101,0.8861,0.5264,2.0851
H01,washing_machine,2013-02-02 20:15:00,2013-02-02 21:47:00,93,0.6723,0.4338,1.9142
H01,washing_machine,2013-02-04 13:04:00,2013-02-04 14:05:00,62,0.6109,0.5912,2.0463
H01,washing_machine,2013-02-06 13:15:00,2013-02-06 14:52:00,98,0.9865,0.604,1.9418
H01,washing_machine,2013-02-10 12:53:00,2013-02-10 14:31:00,99,0.7887,0.478,1.9677
H01,washing_machine,2013-02-10 16:58:00,2013-02-10 18:37:00,100,0.9308,0.5585,2.0791
H01,washing_machine,2013-02-14 10:01:00,2013-02-14 11:39:00,99,0.9194,0.5572,1.9967
H01,washing_machine,2013-02-15 18:43:00,2013-02-15 20:25:00,103,0.9665,0.563,1.9878
H01,washing_machine,2013-02-18 13:21:00,2013-02-18 15:07:00,107,1.0857,0.6088,2.0038
H01,washing_machine,2013-02-18 17:39:00,2013-02-18 19:18:00,100,0.9179,0.5507,1.9372
H01,washing_machine,2013-02-20 19:38:00,2013-02-20 21:18:00,101,0.951,0.565,1.9709
H01,washing_machine,2013-02-21 14:37:00,2013-02-21 16:14:00,98,0.8449,0.5173,2.0308
H01,washing_machine,2013-02-22 12:47:00,2013-02-22 14:25:00,99,0.8874,0.5378,1.967
H01,washing_machine,2013-02-22 16:07:00,2013-02-22 17:43:00,97,0.822,0.5085,1.9807
H01,washing_machine,2013-02-24 09:55:00,2013-02-24 11:46:00,112,1.4085,0.7545,1.9659
H01,washing_machine,2013-02-24 13:07:00,2013-02-24 14:45:00,99,0.8655,0.5245,2.0001
H01,washing_machine,2013-02-25 12:30:00,2013-02-25 14:10:00,101,0.9033,0.5366,2.0094
H01,washing_machine,2013-02-27 13:12:00,2013-02-27 14:47:00,96,0.8423,0.5264,1.9956
H01,washing_machine,2013-02-28 19:52:00,2013-02-28 21:26:00,95,0.783,0.4945,2.0064
H01,washing_machine,2013-03-02 09:29:00,2013-03-02 11:03:00,95,0.8183,0.5168,1.963
H01,washing_machine,2013-03-03 20:22:00,2013-03-03 22:00:00,99,0.858,0.52,1.9393
H01,washing_machine,2013-03-04 07:39:00,2013-03-04 08:07:00,29,0.074,0.1532,0.2896
H01,washing_machine,2013-03-06 08:50:00,2013-03-06 10:26:00,97,0.8636,0.5342,2.0728
H01,washing_machine,2013-03-07 13:04:00,2013-03-07 14:41:00,98,0.8443,0.5169,1.9644
H01,washing_machine,2013-03-07 19:39:00,2013-03-07 21:12:00,94,0.6144,0.3921,1.8647
H01,washing_machine,2013-03-08 21:18:00,2013-03-08 22:53:00,96,0.7895,0.4934,2.1322
H01,washing_machine,2013-03-09 07:31:00,2013-03-09 07:57:00,27,0.0643,0.1429,0.2702
H01,washing_machine,2013-03-12 12:48:00,2013-03-12 14:56:00,129,1.764,0.8205,2.1118
H01,washing_machine,2013-03-13 10:56:00,2013-03-13 12:35:00,100,0.9478,0.5687,2.1737
H01,washing_machine,2013-03-15 19:50:00,2013-03-15 21:25:00,96,0.6957,0.4348,1.9041
H01,washing_machine,2013-03-16 14:07:00,2013-03-16 15:55:00,109,0.9176,0.5051,2.0836
H01,washing_machine,2013-03-17 10:41:00,2013-03-17 12:28:00,108,1.1354,0.6308,2.099
H01,washing_machine,2013-03-17 13:10:00,2013-03-17 15:14:00,125,1.6487,0.7914,2.0454
H01,washing_machine,2013-03-17 16:13:00,2013-03-17 17:50:00,98,0.8502,0.5206,2.039
H01,washing_machine,2013-03-21 14:40:00,2013-03-21 17:56:00,197,1.6257,0.4951,2.1571
H01,washing_machine,2013-03-22 18:17:00,2013-03-22 19:55:00,99,0.8457,0.5126,2.1341
H01,washing_machine,2013-03-24 14:33:00,2013-03-24 16:15:00,103,1.0122,0.5896,2.0864
H01,washing_machine,2013-03-26 15:18:00,2013-03-26 16:57:00,100,0.8939,0.5363,1.9984
H01,washing_machine,2013-03-27 17:38:00,2013-03-27 19:15:00,98,0.8172,0.5003,2.0782
H01,washing_machine,2013-03-28 19:54:00,2013-03-28 21:34:00,101,0.9831,0.584,1.9819
H01,washing_machine,2013-04-02 12:51:00,2013-04-02 14:29:00,99,0.9171,0.5558,2.0202
H01,washing_machine,2013-04-03 10:34:00,2013-04-03 12:08:00,95,0.8054,0.5087,2.1756
H01,washing_machine,2013-04-03 17:45:00,2013-04-03 20:00:00,136,1.8396,0.8116,2.0084
H01,washing_machine,2013-04-05 18:30:00,2013-04-05 20:06:00,97,0.8269,0.5115,2.1001
H01,washing_machine,2013-04-08 07:24:00,2013-04-08 09:01:00,98,0.8419,0.5155,1.9632
H01,washing_machine,2013-04-08 13:21:00,2013-04-08 14:57:00,97,0.8256,0.5107,2.1381
H01,washing_machine,2013-04-08 17:49:00,2013-04-08 20:03:00,135,1.8616,0.8274,2.0274
H01,washing_machine,2013-04-12 17:29:00,2013-04-12 19:01:00,93,0.7631,0.4923,1.9755
H01,washing_machine,2013-04-13 09:27:00,2013-04-13 11:02:00,96,0.8344,0.5215,2.1459
H01,washing_machine,2013-04-13 11:50:00,2013-04-13 13:26:00,97,0.8161,0.5048,1.9874
H01,washing_machine,2013-04-13 14:30:00,2013-04-13 16:08:00,99,0.8109,0.4914,1.9766
H01,washing_machine,2013-04-14 12:40:00,2013-04-14 14:37:00,118,1.5032,0.7643,2.008
H01,washing_machine,2013-04-15 17:17:00,2013-04-15 18:48:00,92,0.6958,0.4538,2.1127
H01,washing_machine,2013-04-16 07:14:00,2013-04-16 08:49:00,96,0.773,0.4831,1.9549
H01,washing_machine,2013-04-16 15:21:00,2013-04-16 16:54:00,94,0.6903,0.4406,2.0666
H01,washing_machine,2013-04-17 13:04:00,2013-04-17 14:39:00,96,0.786,0.4913,2.1469
H01,washing_machine,2013-04-18 18:48:00,2013-04-18 20:34:00,107,1.2965,0.727,2.074
H01,washing_machine,2013-04-21 06:51:00,2013-04-21 08:27:00,97,0.8351,0.5166,2.0295
H01,washing_machine,2013-04-22 08:33:00,2013-04-22 10:04:00,92,0.6849,0.4467,1.9578
H01,washing_machine,2013-04-25 06:12:00,2013-04-25 07:43:00,92,0.6732,0.4391,2.0162
H01,washing_machine,2013-04-26 07:09:00,2013-04-26 08:43:00,95,0.767,0.4844,1.9787
H01,washing_machine,2013-04-26 19:26:00,2013-04-26 20:55:00,90,0.6051,0.4034,1.9317
H01,washing_machine,2013-04-27 13:29:00,2013-04-27 15:02:00,94,0.7498,0.4786,1.9899
H01,washing_machine,2013-04-29 15:10:00,2013-04-29 17:10:00,121,1.5189,0.7532,2.1121
H01,washing_machine,2013-05-02 06:02:00,2013-05-02 07:37:00,96,0.8612,0.5382,2.0405
H01,washing_machine,2013-05-02 16:37:00,2013-05-02 18:09:00,93,0.6749,0.4354,1.9741
H01,washing_machine,2013-05-03 17:17:00,2013-05-03 18:47:00,91,0.653,0.4306,2.1032
H01,washing_machine,2013-05-05 10:06:00,2013-05-05 12:19:00,134,1.7589,0.7876,2.0792
H01,washing_machine,2013-05-05 18:48:00,2013-05-05 20:20:00,93,0.6294,0.406,1.9533
H01,washing_machine,2013-05-11 11:14:00,2013-05-11 12:44:00,91,0.6372,0.4201,1.9844
H01,washing_machine,2013-05-11 14:45:00,2013-05-11 16:14:00,90,0.6045,0.403,2.1673
H01,washing_machine,2013-05-12 17:01:00,2013-05-12 19:06:00,126,1.6326,0.7775,2.1014
H01,washing_machine,2013-05-16 17:20:00,2013-05-16 18:51:00,92,0.6748,0.4401,2.1216
H01,washing_machine,2013-05-18 08:54:00,2013-05-18 10:26:00,93,0.6714,0.4331,1.9782
H01,washing_machine,2013-05-19 12:54:00,2013-05-19 14:52:00,119,1.4777,0.745,2.0502
H01,washing_machine,2013-05-19 17:36:00,2013-05-19 19:16:00,101,1.0334,0.6139,2.0804
H01,washing_machine,2013-05-21 08:55:00,2013-05-21 10:25:00,91,0.6383,0.4209,1.9196
H01,washing_machine,2013-05-21 13:00:00,2013-05-21 14:31:00,92,0.6465,0.4216,1.9902
H01,washing_machine,2013-05-31 08:01:00,2013-05-31 09:31:00,91,0.648,0.4273,2.0412
H01,washing_machine,2013-06-01 23:55:00,2013-06-02 01:28:00,94,0.7529,0.4806,1.9381
H01,washing_machine,2013-06-02 08:20:00,2013-06-02 09:54:00,95,0.8045,0.5081,1.9391
H01,washing_machine,2013-06-02 10:01:00,2013-06-02 11:38:00,98,0.7892,0.4832,1.9169
H01,washing_machine,2013-06-02 13:23:00,2013-06-02 14:50:00,88,0.5342,0.3642,1.9012
H01,washing_machine,2013-06-04 07:19:00,2013-06-04 08:53:00,95,0.668,0.4219,1.9302
H01,washing_machine,2013-06-04 09:55:00,2013-06-04 11:29:00,95,0.7834,0.4948,2.0409
H01,washing_machine,2013-06-05 12:19:00,2013-06-05 13:47:00,89,0.5356,0.3611,1.9578
H01,washing_machine,2013-06-06 12:30:00,2013-06-06 14:05:00,96,0.8417,0.5261,2.1368
H01,washing_machine,2013-06-08 18:31:00,2013-06-08 19:54:00,84,0.4934,0.3524,1.9887
H01,washing_machine,2013-06-10 13:21:00,2013-06-10 14:50:00,90,0.6,0.4,1.9532
H01,washing_machine,2013-06-11 12:20:00,2013-06-11 13:52:00,93,0.6302,0.4066,2.1291
H01,washing_machine,2013-06-13 15:46:00,2013-06-13 17:14:00,89,0.5717,0.3854,2.0219
H01,washing_machine,2013-06-17 09:55:00,2013-06-17 11:23:00,89,0.5603,0.3777,2.0919
H01,washing_machine,2013-06-17 13:44:00,2013-06-17 15:17:00,94,0.5521,0.3524,2.1107
H01,washing_machine,2013-06-18 12:12:00,2013-06-18 13:39:00,88,0.5363,0.3657,1.9251
H01,washing_machine,2013-06-18 14:18:00,2013-06-18 15:44:00,87,0.5155,0.3555,2.0559
H01,washing_machine,2013-06-19 13:19:00,2013-06-19 14:46:00,88,0.5392,0.3677,1.9418
H01,washing_machine,2013-06-23 08:44:00,2013-06-23 10:10:00,87,0.5457,0.3764,2.0746
H01,washing_machine,2013-06-26 07:35:00,2013-06-26 09:02:00,88,0.5417,0.3693,1.962
H01,washing_machine,2013-06-29 07:28:00,2013-06-29 08:53:00,86,0.5333,0.3721,2.1676
H01,washing_machine,2013-06-29 12:21:00,2013-06-29 13:48:00,88,0.5676,0.387,2.1166
H01,washing_machine,2013-06-30 13:31:00,2013-06-30 15:06:00,96,0.9221,0.5763,1.9458
H01,washing_machine,2013-07-01 11:38:00,2013-07-01 13:03:00,86,0.4911,0.3426,1.9669
H01,washing_machine,2013-07-04 06:02:00,2013-07-04 07:30:00,89,0.5151,0.3472,1.9608
H01,washing_machine,2013-07-04 07:53:00,2013-07-04 09:22:00,90,0.5869,0.3912,1.9278
H01,washing_machine,2013-07-05 20:15:00,2013-07-05 20:52:00,38,0.0381,0.0601,0.194
H01,washing_machine,2013-07-05 22:23:00,2013-07-05 22:35:00,13,0.0209,0.0963,0.2482
H01,washing_machine,2013-07-06 09:17:00,2013-07-06 10:39:00,83,0.4294,0.3104,1.8566
H01,washing_machine,2013-07-06 13:46:00,2013-07-06 15:13:00,88,0.482,0.3286,1.9694
H01,washing_machine,2013-07-08 08:26:00,2013-07-08 09:51:00,86,0.4732,0.3301,1.9458
H01,washing_machine,2013-07-08 13:43:00,2013-07-08 15:09:00,87,0.5013,0.3458,1.9636
H01,washing_machine,2013-07-12 09:39:00,2013-07-12 11:05:00,87,0.4625,0.3189,1.9596
H01,washing_machine,2013-07-12 15:59:00,2013-07-12 17:23:00,85,0.3856,0.2722,1.94
H01,washing_machine,2013-07-14 12:48:00,2013-07-14 14:46:00,119,1.3153,0.6632,2.0631
H01,washing_machine,2013-07-16 07:48:00,2013-07-16 09:13:00,86,0.4707,0.3284,2.0263
H01,washing_machine,2013-07-16 09:55:00,2013-07-16 11:17:00,83,0.3016,0.218,1.8393
H01,washing_machine,2013-07-16 12:05:00,2013-07-16 13:40:00,96,0.6845,0.4278,2.0585
H01,washing_machine,2013-07-17 17:57:00,2013-07-17 19:28:00,92,0.5506,0.3591,1.9363
H01,washing_machine,2013-07-27 17:04:00,2013-07-27 18:33:00,90,0.5719,0.3813,1.9821
H01,washing_machine,2013-07-28 07:55:00,2013-07-28 09:31:00,97,0.9093,0.5624,2.0524
H01,washing_machine,2013-07-28 15:22:00,2013-07-28 16:46:00,85,0.4043,0.2854,1.9246
H01,washing_machine,2013-07-29 11:46:00,2013-07-29 13:14:00,89,0.4498,0.3032,1.9496
H01,washing_machine,2013-07-31 16:33:00,2013-07-31 17:57:00,85,0.4378,0.309,1.9424
H01,washing_machine,2013-08-01 07:44:00,2013-08-01 09:24:00,101,0.9237,0.5487,1.9757
H01,washing_machine,2013-08-01 11:19:00,2013-08-01 13:00:00,102,0.855,0.503,2.006
H01,washing_machine,2013-08-01 13:58:00,2013-08-01 14:17:00,20,0.0319,0.0958,0.1902
H01,washing_machine,2013-08-03 07:22:00,2013-08-03 08:43:00,82,0.4173,0.3054,1.8931
H01,washing_machine,2013-08-07 12:02:00,2013-08-07 13:27:00,86,0.4406,0.3074,1.8603
H01,washing_machine,2013-08-07 16:53:00,2013-08-07 18:15:00,83,0.3694,0.267,1.8843
H01,washing_machine,2013-08-08 07:22:00,2013-08-08 07:48:00,27,0.0551,0.1225,0.2831
H01,washing_machine,2013-08-09 12:53:00,2013-08-09 14:19:00,87,0.4208,0.2902,1.9332
H01,washing_machine,2013-08-10 08:49:00,2013-08-10 10:14:00,86,0.4589,0.3202,1.9319
H01,washing_machine,2013-08-10 13:36:00,2013-08-10 15:00:00,85,0.4468,0.3154,1.9846
H01,washing_machine,2013-08-15 07:39:00,2013-08-15 09:04:00,86,0.4453,0.3107,1.9322
H01,washing_machine,2013-08-16 08:43:00,2013-08-16 10:08:00,86,0.3923,0.2737,1.8768
H01,washing_machine,2013-08-16 12:11:00,2013-08-16 13:38:00,88,0.4342,0.2961,1.9079
H01,washing_machine,2013-08-18 17:23:00,2013-08-18 18:51:00,89,0.6715,0.4527,1.9132
H01,washing_machine,2013-08-19 08:35:00,2013-08-19 10:06:00,92,0.6297,0.4107,1.9979
H01,washing_machine,2013-08-21 12:36:00,2013-08-21 14:03:00,88,0.4313,0.294,1.9056
H01,washing_machine,2013-08-23 19:03:00,2013-08-23 20:26:00,84,0.3011,0.2151,1.9604
H01,washing_machine,2013-08-25 12:52:00,2013-08-25 14:17:00,86,0.4541,0.3168,1.9474
H01,washing_machine,2013-08-26 07:19:00,2013-08-26 09:09:00,111,1.1956,0.6463,2.0692
H01,washing_machine,2013-08-27 08:34:00,2013-08-27 10:02:00,89,0.498,0.3357,2.1186
H01,washing_machine,2013-08-28 07:29:00,2013-08-28 08:58:00,90,0.4726,0.3151,1.9294
H01,washing_machine,2013-08-29 09:57:00,2013-08-29 11:22:00,86,0.4579,0.3195,1.9154
H01,washing_machine,2013-08-29 11:40:00,2013-08-29 13:33:00,114,1.2065,0.635,1.9149
H01,washing_machine,2013-08-30 12:27:00,2013-08-30 13:51:00,85,0.4267,0.3012,1.9396
H01,washing_machine,2013-08-30 19:03:00,2013-08-30 20:28:00,86,0.4392,0.3064,1.9087
H01,washing_machine,2013-08-31 06:52:00,2013-08-31 08:23:00,92,0.6037,0.3937,1.989
H01,washing_machine,2013-09-03 14:01:00,2013-09-03 15:32:00,92,0.5893,0.3843,1.9211
H01,washing_machine,2013-09-04 08:29:00,2013-09-04 09:54:00,86,0.4776,0.3332,1.9581
H01,washing_machine,2013-09-06 09:18:00,2013-09-06 10:43:00,86,0.4318,0.3012,1.8616
H01,washing_machine,2013-09-06 20:21:00,2013-09-06 21:48:00,88,0.4467,0.3046,1.9383
H01,washing_machine,2013-09-07 12:54:00,2013-09-07 14:21:00,88,0.4132,0.2817,1.9941
H01,washing_machine,2013-09-09 12:30:00,2013-09-09 14:35:00,126,1.5298,0.7285,2.0456
H01,washing_machine,2013-09-10 11:30:00,2013-09-10 12:58:00,89,0.5461,0.3682,1.966
H01,washing_machine,2013-09-10 14:22:00,2013-09-10 15:46:00,85,0.484,0.3416,2.0028
H01,washing_machine,2013-09-13 20:08:00,2013-09-13 21:34:00,87,0.5242,0.3615,1.978
H01,washing_machine,2013-09-14 15:38:00,2013-09-14 17:05:00,88,0.5379,0.3668,1.9758
H01,washing_machine,2013-09-16 09:51:00,2013-09-16 11:19:00,89,0.587,0.3957,2.1328
H01,washing_machine,2013-09-18 17:17:00,2013-09-18 18:42:00,86,0.5289,0.369,1.9661
H01,washing_machine,2013-09-19 11:15:00,2013-09-19 12:44:00,90,0.5603,0.3735,1.9128
H01,washing_machine,2013-09-19 13:21:00,2013-09-19 15:13:00,113,1.2411,0.659,2.0187
H01,washing_machine,2013-09-23 08:27:00,2013-09-23 09:54:00,88,0.5528,0.3769,2.0463
H01,washing_machine,2013-09-23 16:01:00,2013-09-23 17:28:00,88,0.5335,0.3637,1.9892
H01,washing_machine,2013-09-25 17:19:00,2013-09-25 19:24:00,126,1.6158,0.7694,2.0308
H01,washing_machine,2013-09-26 14:03:00,2013-09-26 15:30:00,88,0.537,0.3661,1.9724
H01,washing_machine,2013-09-26 16:00:00,2013-09-26 17:56:00,117,1.3694,0.7023,1.9712
H01,washing_machine,2013-09-26 18:35:00,2013-09-26 20:14:00,100,0.845,0.507,2.1772
H01,washing_machine,2013-09-27 08:10:00,2013-09-27 09:35:00,86,0.541,0.3774,1.9436
H01,washing_machine,2013-09-27 10:03:00,2013-09-27 11:31:00,89,0.5218,0.3518,1.9022
H01,washing_machine,2013-09-30 10:26:00,2013-09-30 11:49:00,84,0.4881,0.3486,1.9251
H01,washing_machine,2013-09-30 15:06:00,2013-09-30 17:02:00,117,1.3924,0.7141,1.9737
H01,washing_machine,2013-10-01 10:13:00,2013-10-01 11:39:00,87,0.48,0.3311,1.9983
H01,washing_machine,2013-10-03 16:54:00,2013-10-03 18:21:00,88,0.5517,0.3761,1.908
H01,washing_machine,2013-10-04 15:05:00,2013-10-04 16:29:00,85,0.4692,0.3312,1.9143
H01,washing_machine,2013-10-05 09:21:00,2013-10-05 11:15:00,115,1.3019,0.6792,1.9779
H01,washing_machine,2013-10-05 14:38:00,2013-10-05 16:02:00,85,0.4313,0.3045,1.8971
H01,washing_machine,2013-10-06 08:26:00,2013-10-06 10:31:00,126,1.5836,0.7541,2.2463
H01,washing_machine,2013-10-07 09:14:00,2013-10-07 10:40:00,87,0.4974,0.343,1.8779
H01,washing_machine,2013-10-07 11:58:00,2013-10-07 13:24:00,87,0.429,0.2959,1.9079
H01,washing_machine,2013-10-09 17:31:00,2013-10-09 19:00:00,90,0.5507,0.3671,1.9448
H01,washing_machine,2013-10-10 12:46:00,2013-10-10 14:14:00,89,0.5961,0.4019,1.9353
H01,washing_machine,2013-10-11 15:04:00,2013-10-11 16:33:00,90,0.5537,0.3691,1.9371
H01,washing_machine,2013-10-12 12:04:00,2013-10-12 13:32:00,89,0.5292,0.3568,1.9596
H01,washing_machine,2013-10-13 08:14:00,2013-10-13 09:41:00,88,0.5649,0.3851,1.9933
H01,washing_machine,2013-10-13 10:47:00,2013-10-13 11:25:00,39,0.1812,0.2788,1.7269
H01,washing_machine,2013-10-15 08:15:00,2013-10-15 09:41:00,87,0.5418,0.3736,1.9411
H01,washing_machine,2013-10-15 10:24:00,2013-10-15 11:51:00,88,0.554,0.3777,1.9289
H01,washing_machine,2013-10-17 07:29:00,2013-10-17 08:58:00,90,0.6006,0.4004,2.1642
H01,washing_machine,2013-10-20 09:34:00,2013-10-20 11:06:00,93,0.6133,0.3957,2.0127
H01,washing_machine,2013-10-20 11:32:00,2013-10-20 13:02:00,91,0.5325,0.3511,2.0301
H01,washing_machine,2013-10-21 08:24:00,2013-10-21 09:55:00,92,0.6168,0.4022,2.0822
H01,washing_machine,2013-10-21 16:18:00,2013-10-21 17:41:00,84,0.4363,0.3117,1.9126
H01,washing_machine,2013-10-23 07:15:00,2013-10-23 09:11:00,117,1.0452,0.536,2.0155
H01,washing_machine,2013-10-23 11:40:00,2013-10-23 13:08:00,89,0.5412,0.3648,2.2182
H01,washing_machine,2013-10-23 14:16:00,2013-10-23 15:41:00,86,0.505,0.3523,1.9974
H01,washing_machine,2013-10-24 12:32:00,2013-10-24 14:01:00,90,0.6092,0.4061,1.9609
H01,washing_machine,2013-10-25 08:46:00,2013-10-25 10:14:00,89,0.565,0.3809,1.9312
H01,washing_machine,2013-10-26 11:30:00,2013-10-26 13:21:00,112,1.2108,0.6486,1.9387
H01,washing_machine,2013-10-27 08:32:00,2013-10-27 10:15:00,104,1.1011,0.6352,2.0602
H01,washing_machine,2013-10-29 08:34:00,2013-10-29 10:02:00,89,0.6113,0.4121,2.1112
H01,washing_machine,2013-10-29 10:47:00,2013-10-29 12:15:00,89,0.5627,0.3793,2.0742
H01,washing_machine,2013-11-02 12:48:00,2013-11-02 14:18:00,91,0.6178,0.4073,1.9259
H01,washing_machine,2013-11-03 14:39:00,2013-11-03 16:07:00,89,0.6009,0.4051,1.9596
H01,washing_machine,2013-11-04 10:28:00,2013-11-04 11:58:00,91,0.6364,0.4196,1.9318
H01,washing_machine,2013-11-06 12:49:00,2013-11-06 14:22:00,94,0.698,0.4455,1.9786
H01,washing_machine,2013-11-07 13:01:00,2013-11-07 14:30:00,90,0.6345,0.423,1.975
H01,washing_machine,2013-11-07 15:26:00,2013-11-07 17:03:00,98,0.7953,0.4869,2.1126
H01,washing_machine,2013-11-08 18:55:00,2013-11-08 20:24:00,90,0.6241,0.4161,2.0914
H01,washing_machine,2013-11-08 21:03:00,2013-11-08 21:28:00,26,0.0631,0.1455,0.2787
H01,washing_machine,2013-11-08 21:50:00,2013-11-08 22:06:00,17,0.056,0.1976,0.4798
H01,washing_machine,2013-11-10 10:36:00,2013-11-10 12:09:00,94,0.7406,0.4727,2.0456
H01,washing_machine,2013-11-12 11:45:00,2013-11-12 14:34:00,170,2.1414,0.7558,2.0166
H01,washing_machine,2013-11-12 18:07:00,2013-11-12 19:36:00,90,0.6304,0.4203,2.1574
H01,washing_machine,2013-11-14 18:38:00,2013-11-14 20:09:00,92,0.6797,0.4433,1.978
H01,washing_machine,2013-11-16 10:17:00,2013-11-16 11:51:00,95,0.7442,0.47,2.105
H01,washing_machine,2013-11-16 14:49:00,2013-11-16 16:21:00,93,0.6869,0.4432,2.0329
H01,washing_machine,2013-11-17 11:18:00,2013-11-17 12:55:00,98,0.8057,0.4933,1.9552
H01,washing_machine,2013-11-17 13:18:00,2013-11-17 14:47:00,90,0.5932,0.3955,1.883
H01,washing_machine,2013-11-19 20:00:00,2013-11-19 21:36:00,97,0.7406,0.4581,2.1442
H01,washing_machine,2013-11-20 10:40:00,2013-11-20 12:14:00,95,0.7938,0.5014,1.9756
H01,washing_machine,2013-11-20 14:40:00,2013-11-20 15:07:00,28,0.0688,0.1474,0.2891
H01,washing_machine,2013-11-20 16:07:00,2013-11-20 17:38:00,92,0.6838,0.4459,1.9359
H01,washing_machine,2013-11-23 17:37:00,2013-11-23 19:10:00,94,0.7512,0.4795,2.0581
H01,washing_machine,2013-11-25 07:53:00,2013-11-25 09:28:00,96,0.7872,0.492,1.9518
H01,washing_machine,2013-11-26 18:24:00,2013-11-26 19:59:00,96,0.8247,0.5155,2.1566
H01,washing_machine,2013-11-28 16:11:00,2013-11-28 17:45:00,95,0.7246,0.4577,2.0221
H01,washing_machine,2013-11-28 17:59:00,2013-11-28 19:28:00,90,0.6378,0.4252,2.0981
H01,washing_machine,2013-11-30 13:54:00,2013-11-30 15:29:00,96,0.7726,0.4829,1.9456
H01,washing_machine,2013-11-30 18:36:00,2013-11-30 20:09:00,94,0.7289,0.4653,1.9272
H01,washing_machine,2013-12-02 08:41:00,2013-12-02 10:55:00,135,1.9462,0.865,2.0376
H01,washing_machine,2013-12-02 17:46:00,2013-12-02 19:22:00,97,0.8009,0.4954,1.9778
H01,washing_machine,2013-12-03 08:34:00,2013-12-03 10:14:00,101,0.9908,0.5886,1.9962
H01,washing_machine,2013-12-06 14:18:00,2013-12-06 15:57:00,100,0.9292,0.5575,1.9709
H01,washing_machine,2013-12-06 16:10:00,2013-12-06 17:50:00,101,0.9701,0.5763,2.0974
H01,washing_machine,2013-12-08 10:42:00,2013-12-08 12:23:00,102,0.9209,0.5417,1.9489
H01,washing_machine,2013-12-08 22:16:00,2013-12-08 23:52:00,97,0.8614,0.5328,1.9628
H01,washing_machine,2013-12-10 18:25:00,2013-12-10 20:07:00,103,1.0033,0.5844,1.9968
H01,washing_machine,2013-12-12 08:52:00,2013-12-12 10:34:00,103,1.0024,0.5839,1.9849
H01,washing_machine,2013-12-14 14:27:00,2013-12-14 16:08:00,102,0.9929,0.584,2.0963
H01,washing_machine,2013-12-14 17:33:00,2013-12-14 19:42:00,130,1.7562,0.8105,2.0408
H01,washing_machine,2013-12-16 08:13:00,2013-12-16 09:47:00,95,0.759,0.4793,2.1333
H01,washing_machine,2013-12-17 17:29:00,2013-12-17 19:06:00,98,0.8973,0.5494,2.0191
H01,washing_machine,2013-12-19 11:36:00,2013-12-19 13:18:00,103,1.0288,0.5993,2.0107
H01,washing_machine,2013-12-20 10:39:00,2013-12-20 12:20:00,102,0.996,0.5859,2.184
H01,washing_machine,2013-12-20 19:52:00,2013-12-20 21:34:00,103,0.9828,0.5725,1.9302
H01,washing_machine,2013-12-21 09:44:00,2013-12-21 11:14:00,91,0.6608,0.4357,2.0602
H01,washing_machine,2013-12-21 14:55:00,2013-12-21 15:11:00,17,0.0459,0.1619,0.3705
H01,washing_machine,2013-12-28 14:28:00,2013-12-28 16:07:00,100,0.9517,0.571,1.9813
H01,washing_machine,2013-12-28 17:01:00,2013-12-28 18:39:00,99,0.9045,0.5482,1.9998
H01,washing_machine,2013-12-29 11:01:00,2013-12-29 12:44:00,104,1.0505,0.6061,1.9879
H01,washing_machine,2013-12-30 13:35:00,2013-12-30 15:19:00,105,1.0673,0.6099,2.0743
H01,washing_machine,2013-12-31 09:14:00,2013-12-31 11:33:00,140,1.8948,0.8121,2.1384
H01,washing_machine,2013-12-31 13:50:00,2013-12-31 15:30:00,101,0.8861,0.5264,2.0859
H01,washing_machine,2014-01-02 14:07:00,2014-01-02 15:49:00,103,0.9365,0.5456,2.0168
H01,washing_machine,2014-01-02 16:00:00,2014-01-02 17:39:00,100,0.9384,0.563,2.1375
H01,washing_machine,2014-01-03 14:41:00,2014-01-03 16:21:00,101,0.9853,0.5853,2.3407
H01,washing_machine,2014-01-04 13:05:00,2014-01-04 14:48:00,104,0.9257,0.534,2.058
H01,washing_machine,2014-01-05 14:04:00,2014-01-05 15:45:00,102,0.9837,0.5787,2.0164
H01,washing_machine,2014-01-07 19:08:00,2014-01-07 21:24:00,137,2.032,0.8899,2.0401
H01,washing_machine,2014-01-08 08:46:00,2014-01-08 10:25:00,100,0.9409,0.5646,2.021
H01,washing_machine,2014-01-09 19:49:00,2014-01-09 21:30:00,102,0.9387,0.5522,1.9302
H01,washing_machine,2014-01-10 13:47:00,2014-01-10 15:32:00,106,1.059,0.5994,1.9994
H01,washing_machine,2014-01-11 12:38:00,2014-01-11 14:16:00,99,0.9145,0.5543,1.9368
H01,washing_machine,2014-01-15 14:01:00,2014-01-15 15:54:00,114,1.0168,0.5351,1.931
H01,washing_machine,2014-01-15 18:14:00,2014-01-15 20:20:00,127,1.6256,0.768,1.9536
H01,washing_machine,2014-01-16 14:30:00,2014-01-16 16:09:00,100,0.9403,0.5642,1.9458
H01,washing_machine,2014-01-17 18:47:00,2014-01-17 20:27:00,101,0.9287,0.5517,1.9157
H01,washing_machine,2014-01-18 18:21:00,2014-01-18 19:55:00,95,0.7429,0.4692,1.9246
H01,washing_machine,2014-01-19 08:51:00,2014-01-19 10:30:00,100,0.9464,0.5678,1.9776
H01,washing_machine,2014-01-19 12:41:00,2014-01-19 14:18:00,98,0.8781,0.5376,1.9367
H01,washing_machine,2014-01-20 23:27:00,2014-01-21 01:09:00,103,1.0191,0.5937,2.0954
H01,washing_machine,2014-01-21 16:48:00,2014-01-21 18:32:00,105,1.0708,0.6119,2.028
H01,washing_machine,2014-01-30 10:32:00,2014-01-30 12:11:00,100,0.9207,0.5524,2.2026
H01,washing_machine,2014-01-30 13:10:00,2014-01-30 14:50:00,101,0.8814,0.5236,2.1048
H01,washing_machine,2014-01-30 15:17:00,2014-01-30 16:57:00,101,0.9487,0.5636,2.1041
H01,washing_machine,2014-01-31 13:53:00,2014-01-31 15:36:00,104,1.071,0.6179,1.964
H01,washing_machine,2014-02-01 10:10:00,2014-02-01 11:48:00,99,0.9025,0.547,1.9821
H01,washing_machine,2014-02-02 11:53:00,2014-02-02 13:36:00,104,0.9546,0.5507,2.1529
H01,washing_machine,2014-02-02 13:59:00,2014-02-02 15:36:00,98,0.8658,0.5301,1.9664
H01,washing_machine,2014-02-04 12:01:00,2014-02-04 13:39:00,99,0.8867,0.5374,1.9494
H01,washing_machine,2014-02-07 13:23:00,2014-02-07 15:05:00,103,1.047,0.6099,1.9833
H01,washing_machine,2014-02-07 18:12:00,2014-02-07 19:53:00,102,1.0038,0.5904,1.9458
H01,washing_machine,2014-02-09 08:37:00,2014-02-09 10:16:00,100,0.9311,0.5587,2.0288
H01,washing_machine,2014-02-11 13:59:00,2014-02-11 15:41:00,103,0.9972,0.5809,1.9778
H01,washing_machine,2014-02-13 18:04:00,2014-02-13 19:43:00,100,0.9471,0.5683,1.9469
H01,washing_machine,2014-02-14 10:26:00,2014-02-14 12:35:00,130,1.7298,0.7984,2.0504
H01,washing_machine,2014-02-15 18:36:00,2014-02-15 20:11:00,96,0.8152,0.5095,2.0934
H01,washing_machine,2014-02-16 10:31:00,2014-02-16 12:10:00,100,0.9881,0.5929,2.0761
H01,washing_machine,2014-02-16 14:15:00,2014-02-16 16:08:00,114,1.3948,0.7341,2.1151
H01,washing_machine,2014-02-17 16:22:00,2014-02-17 18:01:00,100,0.8808,0.5285,2.0617
H01,washing_machine,2014-02-18 17:22:00,2014-02-18 19:00:00,99,0.901,0.5461,2.032
H01,washing_machine,2014-02-19 11:48:00,2014-02-19 13:31:00,104,1.0819,0.6242,2.0679
H01,washing_machine,2014-02-22 14:03:00,2014-02-22 15:45:00,103,1.0163,0.592,2.0342
H01,washing_machine,2014-02-24 10:30:00,2014-02-24 12:10:00,101,0.9764,0.58,2.1497
H01,washing_machine,2014-02-25 10:36:00,2014-02-25 12:23:00,108,1.2318,0.6844,2.0186
H01,washing_machine,2014-02-26 09:17:00,2014-02-26 10:51:00,95,0.7723,0.4878,2.0684
H01,washing_machine,2014-02-26 14:47:00,2014-02-26 16:27:00,101,0.9526,0.5659,2.0562
H01,washing_machine,2014-03-01 20:04:00,2014-03-01 21:47:00,104,0.9224,0.5322,1.9231
H01,washing_machine,2014-03-02 10:13:00,2014-03-02 11:55:00,103,1.0309,0.6005,2.0788
H01,washing_machine,2014-03-05 08:49:00,2014-03-05 10:33:00,105,1.0812,0.6178,2.0722
H01,washing_machine,2014-03-06 09:42:00,2014-03-06 11:17:00,96,0.7977,0.4986,1.9233
H01,washing_machine,2014-03-08 18:33:00,2014-03-08 20:09:00,97,0.7888,0.4879,1.9439
H01,washing_machine,2014-03-09 09:27:00,2014-03-09 11:32:00,126,1.6416,0.7817,2.1007
H01,washing_machine,2014-03-09 15:34:00,2014-03-09 17:11:00,98,0.8787,0.538,2.1259
H01,washing_machine,2014-03-09 17:34:00,2014-03-09 19:13:00,100,0.8868,0.5321,1.9254
H01,washing_machine,2014-03-12 13:53:00,2014-03-12 15:33:00,101,0.9453,0.5616,2.072
H01,washing_machine,2014-03-12 18:53:00,2014-03-12 20:32:00,100,0.9041,0.5425,2.0487
H01,washing_machine,2014-03-13 18:09:00,2014-03-13 19:47:00,99,0.9228,0.5593,2.1687
H01,washing_machine,2014-03-15 09:11:00,2014-03-15 11:31:00,141,2.0022,0.852,1.979
H01,washing_machine,2014-03-15 15:57:00,2014-03-15 17:34:00,98,0.869,0.532,2.0957
H01,washing_machine,2014-03-15 18:13:00,2014-03-15 20:09:00,117,1.3585,0.6967,2.145
H01,washing_machine,2014-03-18 07:00:00,2014-03-18 08:38:00,99,0.9098,0.5514,1.937
H01,washing_machine,2014-03-19 09:53:00,2014-03-19 11:29:00,97,0.7941,0.4912,1.9526
H01,washing_machine,2014-03-20 11:27:00,2014-03-20 13:06:00,100,0.9308,0.5585,2.1329
H01,washing_machine,2014-03-20 13:21:00,2014-03-20 15:01:00,101,0.8315,0.4939,1.964
H01,washing_machine,2014-03-22 08:14:00,2014-03-22 10:17:00,124,1.5571,0.7534,2.0489
H01,washing_machine,2014-03-22 15:21:00,2014-03-22 16:59:00,99,0.8244,0.4996,2.002
H01,washing_machine,2014-03-24 09:45:00,2014-03-24 13:08:00,204,1.7219,0.5064,1.9704
H01,washing_machine,2014-03-25 13:46:00,2014-03-25 15:25:00,100,0.966,0.5796,1.9926
H01,washing_machine,2014-03-27 09:36:00,2014-03-27 11:18:00,103,0.97,0.5651,2.0994
H01,washing_machine,2014-03-27 19:48:00,2014-03-27 22:10:00,143,1.973,0.8278,1.9504
H01,washing_machine,2014-03-28 10:19:00,2014-03-28 12:03:00,105,1.0015,0.5723,2.0994
H01,washing_machine,2014-03-28 13:32:00,2014-03-28 15:12:00,101,0.9569,0.5684,1.9847
H01,washing_machine,2014-03-29 09:36:00,2014-03-29 11:18:00,103,0.9958,0.5801,1.9282
H01,washing_machine,2014-03-31 12:41:00,2014-03-31 14:25:00,105,1.2501,0.7143,2.1566
H01,washing_machine,2014-03-31 15:34:00,2014-03-31 17:11:00,98,0.8007,0.4902,1.9591
H01,washing_machine,2014-04-01 09:48:00,2014-04-01 11:49:00,122,1.526,0.7505,2.0147
H01,washing_machine,2014-04-01 13:33:00,2014-04-01 15:35:00,123,1.5761,0.7688,2.1902
H01,washing_machine,2014-04-03 08:19:00,2014-04-03 10:32:00,134,1.737,0.7778,1.931
H01,washing_machine,2014-04-03 14:18:00,2014-04-03 15:56:00,99,0.8669,0.5254,2.0674
H01,washing_machine,2014-04-05 14:01:00,2014-04-05 15:38:00,98,0.8406,0.5147,2.0135
H01,washing_machine,2014-04-06 08:04:00,2014-04-06 08:31:00,28,0.0684,0.1466,0.3281
H01,washing_machine,2014-04-07 09:34:00,2014-04-07 11:23:00,110,1.2954,0.7066,2.0282
H01,washing_machine,2014-04-07 15:22:00,2014-04-07 16:58:00,97,0.8106,0.5014,2.131
H01,washing_machine,2014-04-09 10:14:00,2014-04-09 12:29:00,136,1.9948,0.88,2.1301
H01,washing_machine,2014-04-09 15:13:00,2014-04-09 16:50:00,98,0.8566,0.5245,2.0519
H01,washing_machine,2014-04-11 07:25:00,2014-04-11 09:06:00,102,0.9353,0.5502,2.1169
H01,washing_machine,2014-04-15 08:50:00,2014-04-15 10:24:00,95,0.7837,0.4949,2.0218
H01,washing_machine,2014-04-15 12:45:00,2014-04-15 14:24:00,100,0.9404,0.5642,2.2926
H01,washing_machine,2014-04-16 14:42:00,2014-04-16 16:23:00,102,0.9756,0.5739,1.9791
H01,washing_machine,2014-04-17 07:56:00,2014-04-17 09:53:00,118,1.4203,0.7222,2.038
H01,washing_machine,2014-04-18 21:13:00,2014-04-18 23:05:00,113,1.4436,0.7665,2.0049
H01,washing_machine,2014-04-19 08:46:00,2014-04-19 10:24:00,99,0.8317,0.5041,1.9245
H01,washing_machine,2014-04-19 16:50:00,2014-04-19 18:28:00,99,0.8918,0.5405,2.0134
H01,washing_machine,2014-04-21 10:30:00,2014-04-21 12:05:00,96,0.797,0.4981,2.043
H01,washing_machine,2014-04-23 08:36:00,2014-04-23 10:17:00,102,0.9388,0.5523,2.0332
H01,washing_machine,2014-04-23 14:23:00,2014-04-23 16:00:00,98,0.8547,0.5233,2.0773
H01,washing_machine,2014-04-24 07:40:00,2014-04-24 09:15:00,96,0.7717,0.4823,2.0388
H01,washing_machine,2014-04-26 14:43:00,2014-04-26 16:19:00,97,0.8026,0.4965,2.0003
H01,washing_machine,2014-04-26 17:03:00,2014-04-26 18:42:00,100,0.9047,0.5428,2.0686
H01,washing_machine,2014-04-29 09:56:00,2014-04-29 11:33:00,98,0.8273,0.5065,2.1467
H01,washing_machine,2014-04-29 14:13:00,2014-04-29 15:50:00,98,0.7976,0.4883,2.11
H01,washing_machine,2014-04-30 07:16:00,2014-04-30 09:12:00,117,1.384,0.7097,2.0778
H01,washing_machine,2014-04-30 15:51:00,2014-04-30 17:32:00,102,1.025,0.6029,1.9202
H01,washing_machine,2014-05-02 14:03:00,2014-05-02 15:42:00,100,0.8493,0.5096,1.9544
H01,washing_machine,2014-05-04 09:07:00,2014-05-04 11:11:00,125,1.6313,0.783,2.0589
H01,washing_machine,2014-05-04 15:01:00,2014-05-04 16:35:00,95,0.7917,0.5001,1.9459
H01,washing_machine,2014-05-05 18:27:00,2014-05-05 20:07:00,101,0.9236,0.5487,1.9544
H01,washing_machine,2014-05-06 15:12:00,2014-05-06 16:49:00,98,0.8181,0.5009,1.9449
H01,washing_machine,2014-05-07 18:04:00,2014-05-07 19:36:00,93,0.7018,0.4528,1.9347
H01,washing_machine,2014-05-08 07:33:00,2014-05-08 09:11:00,99,0.8164,0.4948,2.0956
H01,washing_machine,2014-05-08 10:17:00,2014-05-08 11:47:00,91,0.5543,0.3654,1.8759
H01,washing_machine,2014-05-08 11:58:00,2014-05-08 12:09:00,12,0.019,0.0952,0.2333
H01,washing_machine,2014-05-09 06:42:00,2014-05-09 08:18:00,97,0.8486,0.5249,1.929
H01,washing_machine,2014-05-09 15:29:00,2014-05-09 17:04:00,96,0.8137,0.5086,2.0656
H01,washing_machine,2014-05-09 18:36:00,2014-05-09 19:01:00,26,0.0411,0.0948,0.239
H01,washing_machine,2014-05-09 19:53:00,2014-05-09 21:22:00,90,0.5156,0.3437,1.8352
H01,washing_machine,2014-05-11 15:33:00,2014-05-11 17:03:00,91,0.6493,0.4281,1.9147
H01,washing_machine,2014-05-11 18:00:00,2014-05-11 18:28:00,29,0.0637,0.1319,0.2625
H01,washing_machine,2014-05-12 13:10:00,2014-05-12 14:44:00,95,0.7568,0.478,1.9943
H01,washing_machine,2014-05-12 15:10:00,2014-05-12 16:45:00,96,0.6606,0.4129,1.8956
H01,washing_machine,2014-05-14 09:16:00,2014-05-14 10:55:00,100,0.7675,0.4605,2.0051
H01,washing_machine,2014-05-14 13:47:00,2014-05-14 15:20:00,94,0.7252,0.4629,1.9841
H01,washing_machine,2014-05-16 07:06:00,2014-05-16 08:39:00,94,0.7486,0.4778,1.9308
H01,washing_machine,2014-05-16 09:32:00,2014-05-16 11:01:00,90,0.6242,0.4161,1.9226
H01,washing_machine,2014-05-19 13:11:00,2014-05-19 14:42:00,92,0.6941,0.4527,2.0873
H01,washing_machine,2014-05-19 15:25:00,2014-05-19 16:52:00,88,0.5505,0.3753,1.9297
H01,washing_machine,2014-05-20 19:01:00,2014-05-20 19:29:00,29,0.0538,0.1113,0.2605
H01,washing_machine,2014-05-21 06:47:00,2014-05-21 08:20:00,94,0.7073,0.4514,1.9971
H01,washing_machine,2014-05-21 09:05:00,2014-05-21 10:36:00,92,0.6119,0.3991,1.9593
H01,washing_machine,2014-05-23 08:25:00,2014-05-23 09:56:00,92,0.7038,0.459,2.0498
H01,washing_machine,2014-05-23 10:20:00,2014-05-23 11:52:00,93,0.6719,0.4335,2.0318
H01,washing_machine,2014-05-23 12:06:00,2014-05-23 13:40:00,95,0.6686,0.4223,1.9386
H01,washing_machine,2014-05-23 13:56:00,2014-05-23 15:26:00,91,0.6129,0.4041,1.9333
H01,washing_machine,2014-06-01 06:54:00,2014-06-01 08:29:00,96,0.7541,0.4713,1.9663
H01,washing_machine,2014-06-01 09:07:00,2014-06-01 10:42:00,96,0.7414,0.4634,1.9592
H01,washing_machine,2014-06-02 09:46:00,2014-06-02 11:13:00,88,0.6117,0.4171,1.9342
H01,washing_machine,2014-06-02 12:08:00,2014-06-02 13:37:00,90,0.6528,0.4352,1.9434
H01,washing_machine,2014-06-05 12:53:00,2014-06-05 14:26:00,94,0.7145,0.4561,1.9132
H01,washing_machine,2014-06-06 07:23:00,2014-06-06 08:55:00,93,0.674,0.4349,1.9036
H01,washing_machine,2014-06-06 11:46:00,2014-06-06 13:18:00,93,0.705,0.4548,1.9578
H01,washing_machine,2014-06-06 19:15:00,2014-06-06 20:43:00,89,0.5924,0.3994,1.9456
H01,washing_machine,2014-06-07 08:10:00,2014-06-07 09:44:00,95,0.7288,0.4603,2.1851
H01,washing_machine,2014-06-07 14:48:00,2014-06-07 16:22:00,95,0.7005,0.4424,1.8952
H01,washing_machine,2014-06-07 19:25:00,2014-06-07 19:53:00,29,0.065,0.1346,0.3809
H01,washing_machine,2014-06-08 10:24:00,2014-06-08 11:51:00,88,0.5385,0.3672,1.8599
H01,washing_machine,2014-06-09 17:11:00,2014-06-09 18:42:00,92,0.606,0.3952,1.897
H01,washing_machine,2014-06-10 19:34:00,2014-06-10 21:05:00,92,0.6676,0.4354,1.9614
H01,washing_machine,2014-06-16 09:39:00,2014-06-16 11:14:00,96,0.7701,0.4813,2.1351
H01,washing_machine,2014-06-16 12:31:00,2014-06-16 14:01:00,91,0.6309,0.416,1.9756
H01,washing_machine,2014-06-19 14:21:00,2014-06-19 15:54:00,94,0.6835,0.4363,1.9431
H01,washing_machine,2014-06-21 08:43:00,2014-06-21 10:15:00,93,0.6715,0.4332,2.0202
H01,washing_machine,2014-06-21 13:27:00,2014-06-21 14:57:00,91,0.6408,0.4225,1.9049
H01,washing_machine,2014-06-22 08:59:00,2014-06-22 10:46:00,108,1.1627,0.6459,2.0744
H01,washing_machine,2014-06-22 10:56:00,2014-06-22 12:55:00,120,1.2193,0.6096,2.005
H01,washing_machine,2014-06-24 12:32:00,2014-06-24 14:00:00,89,0.5951,0.4012,1.9491
H01,washing_machine,2014-06-27 07:33:00,2014-06-27 09:04:00,92,0.6362,0.4149,1.9254
H01,washing_machine,2014-06-27 12:52:00,2014-06-27 14:19:00,88,0.5703,0.3888,2.0707
H01,washing_machine,2014-06-27 18:02:00,2014-06-27 19:59:00,118,1.3402,0.6815,2.022
H01,washing_machine,2014-06-28 10:13:00,2014-06-28 10:39:00,27,0.0597,0.1326,0.3289
H01,washing_machine,2014-06-30 15:29:00,2014-06-30 17:00:00,92,0.6713,0.4378,1.9469
H01,washing_machine,2014-06-30 18:56:00,2014-06-30 20:46:00,111,1.1304,0.611,1.9794
H01,washing_machine,2014-07-01 06:44:00,2014-07-01 08:18:00,95,0.8964,0.5661,1.9108
H01,washing_machine,2014-07-02 12:50:00,2014-07-02 15:55:00,186,1.2045,0.3885,1.9047
H01,washing_machine,2014-07-07 08:35:00,2014-07-07 10:04:00,90,0.6108,0.4072,1.8896
H01,washing_machine,2014-07-07 11:53:00,2014-07-07 13:25:00,93,0.6115,0.3945,1.9344
H01,washing_machine,2014-07-10 11:54:00,2014-07-10 13:31:00,98,0.6712,0.4109,1.9709
H01,washing_machine,2014-07-10 16:13:00,2014-07-10 17:43:00,91,0.6105,0.4025,1.8769
H01,washing_machine,2014-07-11 09:19:00,2014-07-11 10:52:00,94,0.6351,0.4054,1.9171
H01,washing_machine,2014-07-12 12:01:00,2014-07-12 13:32:00,92,0.6464,0.4216,1.9167
H01,washing_machine,2014-07-12 16:52:00,2014-07-12 17:19:00,28,0.0608,0.1303,0.2758
H01,washing_machine,2014-07-12 18:17:00,2014-07-12 19:51:00,95,0.6636,0.4191,1.9941
H01,washing_machine,2014-07-13 14:43:00,2014-07-13 15:07:00,25,0.0419,0.1006,0.2236
H01,washing_machine,2014-07-13 15:38:00,2014-07-13 17:11:00,94,0.6777,0.4326,1.9546
H01,washing_machine,2014-07-16 09:38:00,2014-07-16 11:17:00,100,0.9965,0.5979,1.8812
H01,washing_machine,2014-07-16 13:19:00,2014-07-16 14:48:00,90,0.5488,0.3659,1.8767
H01,washing_machine,2014-07-17 16:26:00,2014-07-17 18:07:00,102,0.9662,0.5683,1.9476
H01,washing_machine,2014-07-20 16:03:00,2014-07-20 17:33:00,91,0.601,0.3962,1.949
H01,washing_machine,2014-07-22 08:31:00,2014-07-22 10:11:00,101,0.9484,0.5634,1.8883
H01,washing_machine,2014-07-22 11:16:00,2014-07-22 12:51:00,96,0.793,0.4956,1.996
H01,washing_machine,2014-07-22 13:26:00,2014-07-22 14:54:00,89,0.521,0.3512,2.0066
H01,washing_machine,2014-07-24 12:13:00,2014-07-24 13:41:00,89,0.5536,0.3732,2.0686
H01,washing_machine,2014-07-24 13:56:00,2014-07-24 15:53:00,118,1.3777,0.7005,2.1525
H01,washing_machine,2014-07-27 21:00:00,2014-07-27 22:28:00,89,0.5405,0.3644,1.8636
H01,washing_machine,2014-07-28 07:38:00,2014-07-28 08:04:00,27,0.0568,0.1261,0.2776
H01,washing_machine,2014-07-30 08:33:00,2014-07-30 10:02:00,90,0.5084,0.3389,1.8664
H01,washing_machine,2014-07-30 12:19:00,2014-07-30 13:49:00,91,0.5476,0.361,1.8694
H01,washing_machine,2014-07-30 14:33:00,2014-07-30 16:09:00,97,0.5647,0.3493,1.9816
H01,washing_machine,2014-08-09 11:01:00,2014-08-09 12:30:00,90,0.5713,0.3809,1.8648
H01,washing_machine,2014-08-09 12:37:00,2014-08-09 14:05:00,89,0.5339,0.3599,2.0331
H01,washing_machine,2014-08-09 14:31:00,2014-08-09 16:02:00,92,0.5638,0.3677,1.887
H01,washing_machine,2014-08-09 16:57:00,2014-08-09 18:28:00,92,0.5631,0.3673,1.858
H01,washing_machine,2014-08-11 18:56:00,2014-08-11 20:30:00,95,0.6486,0.4096,1.9149
H01,washing_machine,2014-08-12 13:26:00,2014-08-12 14:56:00,91,0.6403,0.4222,1.9282
H01,washing_machine,2014-08-14 11:14:00,2014-08-14 12:43:00,90,0.585,0.39,1.899
H01,washing_machine,2014-08-14 12:52:00,2014-08-14 14:23:00,92,0.537,0.3502,2.0754
H01,washing_machine,2014-08-15 16:18:00,2014-08-15 17:53:00,96,0.6351,0.3969,2.0474
H01,washing_machine,2014-08-16 14:46:00,2014-08-16 16:23:00,98,0.6817,0.4174,1.9778
H01,washing_machine,2014-08-16 17:54:00,2014-08-16 19:24:00,91,0.6017,0.3967,1.9551
H01,washing_machine,2014-08-18 19:04:00,2014-08-18 20:35:00,92,0.6488,0.4231,1.8708
H01,washing_machine,2014-08-19 08:22:00,2014-08-19 09:50:00,89,0.6079,0.4098,1.9743
H01,washing_machine,2014-08-20 13:28:00,2014-08-20 14:57:00,90,0.6265,0.4177,2.0514
H01,washing_machine,2014-08-20 18:57:00,2014-08-20 20:27:00,91,0.6465,0.4263,1.8978
H01,washing_machine,2014-08-25 07:16:00,2014-08-25 08:46:00,91,0.6321,0.4168,1.9762
H01,washing_machine,2014-08-25 09:05:00,2014-08-25 10:36:00,92,0.651,0.4246,1.9588
H01,washing_machine,2014-08-26 09:12:00,2014-08-26 10:42:00,91,0.5952,0.3925,2.2084
H01,washing_machine,2014-08-26 13:09:00,2014-08-26 14:43:00,95,0.7102,0.4485,2.0522
H01,washing_machine,2014-08-26 15:04:00,2014-08-26 16:37:00,94,0.6919,0.4416,2.136
H01,washing_machine,2014-08-29 08:51:00,2014-08-29 10:23:00,93,0.6722,0.4337,1.9562
H01,washing_machine,2014-08-29 12:34:00,2014-08-29 14:04:00,91,0.6614,0.4361,1.9843
H01,washing_machine,2014-08-31 11:37:00,2014-08-31 13:11:00,95,0.7266,0.4589,1.9516
H01,washing_machine,2014-08-31 19:10:00,2014-08-31 20:38:00,89,0.5857,0.3948,1.8754
H01,washing_machine,2014-09-01 15:32:00,2014-09-01 17:04:00,93,0.6839,0.4412,1.9213
H01,washing_machine,2014-09-02 09:19:00,2014-09-02 11:18:00,120,1.3036,0.6518,2.0458
H01,washing_machine,2014-09-02 12:51:00,2014-09-02 14:41:00,111,1.2237,0.6615,1.9649
H01,washing_machine,2014-09-02 19:03:00,2014-09-02 20:33:00,91,0.6035,0.3979,1.8743
H01,washing_machine,2014-09-06 07:58:00,2014-09-06 09:29:00,92,0.6789,0.4427,1.9312
H01,washing_machine,2014-09-07 17:45:00,2014-09-07 19:17:00,93,0.7002,0.4518,1.8676
H01,washing_machine,2014-09-08 08:54:00,2014-09-08 10:25:00,92,0.6929,0.4519,2.0733
H01,washing_machine,2014-09-09 08:06:00,2014-09-09 09:39:00,94,0.7037,0.4492,2.0428
H01,washing_machine,2014-09-11 08:08:00,2014-09-11 10:09:00,122,1.5597,0.7671,2.0809
H01,washing_machine,2014-09-11 11:01:00,2014-09-11 12:33:00,93,0.6438,0.4154,2.0199
H01,washing_machine,2014-09-14 05:35:00,2014-09-14 07:04:00,90,0.5474,0.365,1.8968
H01,washing_machine,2014-09-14 07:44:00,2014-09-14 09:14:00,91,0.629,0.4148,1.8717
H01,washing_machine,2014-09-14 10:47:00,2014-09-14 12:16:00,90,0.588,0.392,1.959
H01,washing_machine,2014-09-15 09:06:00,2014-09-15 10:37:00,92,0.689,0.4494,1.9831
H01,washing_machine,2014-09-15 11:18:00,2014-09-15 12:49:00,92,0.645,0.4206,1.9736
H01,washing_machine,2014-09-16 09:32:00,2014-09-16 11:07:00,96,0.718,0.4488,1.884
H01,washing_machine,2014-09-16 12:07:00,2014-09-16 13:39:00,93,0.6789,0.438,1.937
H01,washing_machine,2014-09-17 08:23:00,2014-09-17 09:54:00,92,0.6468,0.4218,2.0211
H01,washing_machine,2014-09-18 08:20:00,2014-09-18 09:48:00,89,0.5809,0.3916,2.0088
H01,washing_machine,2014-09-18 10:11:00,2014-09-18 11:42:00,92,0.6318,0.4121,1.902
H01,washing_machine,2014-09-19 09:06:00,2014-09-19 11:08:00,123,1.4354,0.7002,1.915
H01,washing_machine,2014-09-21 07:22:00,2014-09-21 08:53:00,92,0.6594,0.43,1.9306
H01,washing_machine,2014-09-23 09:12:00,2014-09-23 10:42:00,91,0.6367,0.4198,1.9112
H01,washing_machine,2014-09-23 12:18:00,2014-09-23 13:49:00,92,0.6274,0.4092,1.9988
H01,washing_machine,2014-09-23 18:43:00,2014-09-23 20:11:00,89,0.6009,0.4051,1.9358
H01,washing_machine,2014-09-26 09:41:00,2014-09-26 11:13:00,93,0.7051,0.4549,1.9096
H01,washing_machine,2014-09-26 12:30:00,2014-09-26 14:03:00,94,0.6937,0.4428,1.9713
H01,washing_machine,2014-09-28 09:29:00,2014-09-28 11:01:00,93,0.7004,0.4519,1.9134
H01,washing_machine,2014-09-28 15:21:00,2014-09-28 16:50:00,90,0.6379,0.4253,2.0719
H01,washing_machine,2014-09-30 09:53:00,2014-09-30 11:35:00,103,1.0532,0.6135,1.9802
H01,washing_machine,2014-09-30 12:19:00,2014-09-30 13:50:00,92,0.6693,0.4365,1.9322
H01,washing_machine,2014-10-01 08:44:00,2014-10-01 10:16:00,93,0.627,0.4045,1.9134
H01,washing_machine,2014-10-02 13:22:00,2014-10-02 14:54:00,93,0.6919,0.4464,2.028
H01,washing_machine,2014-10-02 18:23:00,2014-10-02 19:54:00,92,0.643,0.4194,1.9826
H01,washing_machine,2014-10-03 09:04:00,2014-10-03 10:33:00,90,0.5239,0.3492,1.9127
H01,washing_machine,2014-10-03 17:07:00,2014-10-03 18:36:00,90,0.6032,0.4021,1.9002
H01,washing_machine,2014-10-04 17:38:00,2014-10-04 18:04:00,27,0.0428,0.095,0.2391
H01,washing_machine,2014-10-06 09:50:00,2014-10-06 11:24:00,95,0.689,0.4352,2.0301
H01,washing_machine,2014-10-06 12:08:00,2014-10-06 13:39:00,92,0.6432,0.4195,1.941
H01,washing_machine,2014-10-07 10:31:00,2014-10-07 12:05:00,95,0.7848,0.4957,2.0518
H01,washing_machine,2014-10-08 12:22:00,2014-10-08 13:53:00,92,0.6669,0.4349,2.0929
H01,washing_machine,2014-10-08 16:18:00,2014-10-08 17:50:00,93,0.7267,0.4689,2.0644
H01,washing_machine,2014-10-09 21:26:00,2014-10-09 23:01:00,96,0.6928,0.433,2.1489
H01,washing_machine,2014-10-10 08:48:00,2014-10-10 10:22:00,95,0.7804,0.4929,1.9397
H01,washing_machine,2014-10-10 13:13:00,2014-10-10 14:48:00,96,0.798,0.4988,1.9974
H01,washing_machine,2014-10-11 16:32:00,2014-10-11 18:10:00,99,0.8166,0.4949,1.9011
H01,washing_machine,2014-10-13 10:19:00,2014-10-13 11:54:00,96,0.7906,0.4941,2.0482
H01,washing_machine,2014-10-14 17:57:00,2014-10-14 19:33:00,97,0.7407,0.4581,1.926
H01,washing_machine,2014-10-15 09:05:00,2014-10-15 10:38:00,94,0.7368,0.4703,1.9298
H01,washing_machine,2014-10-15 11:55:00,2014-10-15 13:27:00,93,0.715,0.4613,2.0547
H01,washing_machine,2014-10-15 18:19:00,2014-10-15 18:46:00,28,0.0509,0.109,0.234
H01,washing_machine,2014-10-16 06:12:00,2014-10-16 07:56:00,105,1.0569,0.6039,2.0352
H01,washing_machine,2014-10-17 18:49:00,2014-10-17 20:35:00,107,1.2077,0.6772,2.081
H01,washing_machine,2014-10-18 12:46:00,2014-10-18 14:20:00,95,0.7784,0.4916,1.9765
H01,washing_machine,2014-10-19 11:44:00,2014-10-19 13:18:00,95,0.806,0.5091,1.947
H01,washing_machine,2014-10-20 09:03:00,2014-10-20 10:35:00,93,0.7176,0.463,1.9266
H01,washing_machine,2014-10-20 12:35:00,2014-10-20 14:09:00,95,0.7485,0.4727,1.9376
H01,washing_machine,2014-10-21 17:19:00,2014-10-21 18:52:00,94,0.7109,0.4538,1.8947
H01,washing_machine,2014-10-22 07:02:00,2014-10-22 08:30:00,89,0.564,0.3802,1.8708
H01,washing_machine,2014-10-23 10:18:00,2014-10-23 11:50:00,93,0.7194,0.4641,2.1111
H01,washing_machine,2014-10-24 08:32:00,2014-10-24 10:25:00,114,1.3252,0.6975,1.9316
H01,washing_machine,2014-10-26 10:51:00,2014-10-26 12:25:00,95,0.799,0.5046,1.8677
H01,washing_machine,2014-10-27 08:34:00,2014-10-27 10:09:00,96,0.8154,0.5096,2.069
H01,washing_machine,2014-10-28 10:26:00,2014-10-28 12:00:00,95,0.7488,0.4729,1.9312
H01,washing_machine,2014-10-29 18:50:00,2014-10-29 20:24:00,95,0.7747,0.4893,1.9834
H01,washing_machine,2014-10-30 10:11:00,2014-10-30 11:45:00,95,0.7565,0.4778,1.9285
H01,washing_machine,2014-10-30 22:21:00,2014-10-30 22:48:00,28,0.0604,0.1294,0.2534
H01,washing_machine,2014-11-03 10:06:00,2014-11-03 11:39:00,94,0.7519,0.4799,1.922
H01,washing_machine,2014-11-03 15:11:00,2014-11-03 16:45:00,95,0.7354,0.4645,1.927
H01,washing_machine,2014-11-04 18:52:00,2014-11-04 20:29:00,98,0.8332,0.5101,1.8956
H01,washing_machine,2014-11-05 20:12:00,2014-11-05 21:48:00,97,0.7646,0.473,2.0424
H01,washing_machine,2014-11-06 10:05:00,2014-11-06 11:42:00,98,0.8597,0.5263,1.9697
H01,washing_machine,2014-11-06 20:04:00,2014-11-06 21:53:00,110,1.3174,0.7186,2.0159
H01,washing_machine,2014-11-06 22:13:00,2014-11-06 23:52:00,100,0.8536,0.5122,2.0653
H01,washing_machine,2014-11-09 08:46:00,2014-11-09 10:21:00,96,0.771,0.4819,1.9579
H01,washing_machine,2014-11-09 11:11:00,2014-11-09 12:46:00,96,0.7637,0.4773,1.9425
H01,washing_machine,2014-11-10 09:11:00,2014-11-10 10:45:00,95,0.7903,0.4991,2.0266
H01,washing_machine,2014-11-11 09:47:00,2014-11-11 11:24:00,98,0.8742,0.5352,2.0439
H01,washing_machine,2014-11-13 10:27:00,2014-11-13 12:01:00,95,0.7927,0.5007,2.0749
H01,washing_machine,2014-11-13 13:18:00,2014-11-13 15:09:00,112,1.4465,0.7749,2.0567
H01,washing_machine,2014-11-14 10:01:00,2014-11-14 11:36:00,96,0.812,0.5075,2.0804
H01,washing_machine,2014-11-14 18:20:00,2014-11-14 19:52:00,93,0.749,0.4832,1.9623
H01,washing_machine,2014-11-14 23:38:00,2014-11-15 01:10:00,93,0.6984,0.4506,1.8718
H01,washing_machine,2014-11-16 10:11:00,2014-11-16 11:53:00,103,0.7801,0.4544,1.9306
H01,washing_machine,2014-11-16 12:47:00,2014-11-16 14:20:00,94,0.7255,0.4631,2.0381
H01,washing_machine,2014-11-17 18:17:00,2014-11-17 19:50:00,94,0.7431,0.4743,1.9026
H01,washing_machine,2014-11-18 15:35:00,2014-11-18 17:15:00,101,0.9361,0.5561,2.03
H01,washing_machine,2014-11-20 14:17:00,2014-11-20 15:54:00,98,0.8681,0.5315,2.1506
H01,washing_machine,2014-11-22 09:49:00,2014-11-22 11:26:00,98,0.8719,0.5338,1.9749
H01,washing_machine,2014-11-23 16:21:00,2014-11-23 17:58:00,98,0.8334,0.5102,1.9171
H01,washing_machine,2014-11-23 18:05:00,2014-11-23 19:41:00,97,0.816,0.5047,1.9527
H01,washing_machine,2014-11-24 13:17:00,2014-11-24 14:51:00,95,0.7627,0.4817,1.983
H01,washing_machine,2014-11-26 09:30:00,2014-11-26 11:10:00,101,0.9112,0.5413,1.9662
H01,washing_machine,2014-11-26 11:29:00,2014-11-26 13:07:00,99,0.8801,0.5334,1.9283
H01,washing_machine,2014-11-26 19:35:00,2014-11-26 21:14:00,100,0.923,0.5538,2.0654
H01,washing_machine,2014-11-27 09:08:00,2014-11-27 10:45:00,98,0.8338,0.5105,2.085
H01,washing_machine,2014-11-28 10:29:00,2014-11-28 12:15:00,107,0.895,0.5018,2.0743
H01,washing_machine,2014-11-28 15:49:00,2014-11-28 17:29:00,101,0.8777,0.5214,1.9753
H01,washing_machine,2014-11-29 16:33:00,2014-11-29 18:23:00,111,1.3408,0.7248,2.064
H01,washing_machine,2014-11-29 19:21:00,2014-11-29 20:57:00,97,0.8178,0.5058,1.9598
H01,washing_machine,2014-11-30 09:10:00,2014-11-30 10:51:00,102,0.8781,0.5165,2.0381
H01,washing_machine,2014-12-03 20:02:00,2014-12-03 21:38:00,97,0.8573,0.5303,1.9437
H01,washing_machine,2014-12-04 19:04:00,2014-12-04 20:53:00,110,1.3837,0.7548,2.0656
H01,washing_machine,2014-12-04 21:54:00,2014-12-04 23:32:00,99,1.0612,0.6432,2.0201
H01,washing_machine,2014-12-05 08:08:00,2014-12-05 09:57:00,110,1.2824,0.6995,2.0566
H01,washing_machine,2014-12-05 11:10:00,2014-12-05 12:49:00,100,0.8725,0.5235,2.0549
H01,washing_machine,2014-12-07 19:19:00,2014-12-07 20:59:00,101,0.9379,0.5572,1.9487
H01,washing_machine,2014-12-08 09:22:00,2014-12-08 11:15:00,114,1.4719,0.7747,2.1464
H01,washing_machine,2014-12-08 14:54:00,2014-12-08 16:34:00,101,0.9382,0.5573,2.1388
H01,washing_machine,2014-12-09 09:25:00,2014-12-09 12:50:00,206,1.8554,0.5404,2.1196
H01,washing_machine,2014-12-11 10:48:00,2014-12-11 11:28:00,41,0.0658,0.0963,1.317
H01,washing_machine,2014-12-11 13:07:00,2014-12-11 13:18:00,12,0.0203,0.1017,0.2494
H01,washing_machine,2014-12-11 13:40:00,2014-12-11 15:28:00,109,1.3029,0.7172,1.9381
H01,washing_machine,2014-12-11 19:46:00,2014-12-11 21:26:00,101,0.9369,0.5566,1.9004
H01,washing_machine,2014-12-13 19:16:00,2014-12-13 20:53:00,98,0.8932,0.5469,1.9379
H01,washing_machine,2014-12-13 22:55:00,2014-12-14 00:49:00,115,1.5452,0.8062,2.1303
H01,washing_machine,2014-12-16 13:16:00,2014-12-16 14:59:00,104,1.0351,0.5972,2.0303
H01,washing_machine,2014-12-17 12:21:00,2014-12-17 14:03:00,103,0.9522,0.5547,2.203
H01,washing_machine,2014-12-18 20:11:00,2014-12-18 22:12:00,122,1.524,0.7495,1.9708
H01,washing_machine,2014-12-19 00:36:00,2014-12-19 02:13:00,98,0.8057,0.4933,2.1606
H01,washing_machine,2014-12-19 10:29:00,2014-12-19 12:06:00,98,0.8336,0.5104,2.0662
H01,washing_machine,2014-12-19 18:38:00,2014-12-19 20:19:00,102,0.9589,0.5641,1.9492
H01,washing_machine,2014-12-20 09:46:00,2014-12-20 11:28:00,103,0.9511,0.554,2.1256
H01,washing_machine,2014-12-21 07:49:00,2014-12-21 09:28:00,100,0.8935,0.5361,2.1199
H01,washing_machine,2014-12-21 09:50:00,2014-12-21 11:35:00,106,0.8256,0.4673,2.0689
H01,washing_machine,2014-12-22 19:41:00,2014-12-22 21:12:00,92,0.713,0.465,1.938
H01,washing_machine,2014-12-23 08:25:00,2014-12-23 10:04:00,100,0.931,0.5586,1.9462
H01,washing_machine,2014-12-23 10:28:00,2014-12-23 12:07:00,100,1.0557,0.6334,2.0302
H01,washing_machine,2014-12-25 11:24:00,2014-12-25 13:04:00,101,0.9305,0.5528,2.0286
H01,washing_machine,2014-12-25 20:17:00,2014-12-25 21:47:00,91,0.6404,0.4223,2.0132
H01,washing_machine,2015-01-04 23:22:00,2015-01-05 01:04:00,103,0.989,0.5761,1.9485
H01,washing_machine,2015-01-05 11:01:00,2015-01-05 12:45:00,105,1.041,0.5949,2.0124
H01,washing_machine,2015-01-06 10:01:00,2015-01-06 11:39:00,99,0.9044,0.5481,2.1223
H01,washing_machine,2015-01-06 15:40:00,2015-01-06 17:13:00,94,0.7156,0.4567,2.1371
H01,washing_machine,2015-01-07 11:14:00,2015-01-07 12:58:00,105,0.9199,0.5256,2.0539
H01,washing_machine,2015-01-07 18:55:00,2015-01-07 20:38:00,104,1.0227,0.59,1.9483
H01,washing_machine,2015-01-08 19:16:00,2015-01-08 21:16:00,121,1.5118,0.7496,1.9547
H01,washing_machine,2015-01-10 11:41:00,2015-01-10 13:10:00,90,0.6692,0.4462,2.1231
H01,washing_machine,2015-01-10 14:19:00,2015-01-10 16:01:00,103,0.893,0.5202,1.9411
H01,washing_machine,2015-01-11 19:30:00,2015-01-11 21:08:00,99,0.9259,0.5611,1.9527
H01,washing_machine,2015-01-12 13:50:00,2015-01-12 15:34:00,105,1.0615,0.6066,2.0989
H01,washing_machine,2015-01-13 11:26:00,2015-01-13 13:10:00,105,1.0668,0.6096,1.9975
H01,washing_machine,2015-01-15 09:30:00,2015-01-15 11:09:00,100,0.8834,0.5301,1.9423
H01,washing_machine,2015-01-16 10:25:00,2015-01-16 11:57:00,93,0.7332,0.473,1.9694
H01,washing_machine,2015-01-17 09:54:00,2015-01-17 11:37:00,104,1.0509,0.6063,2.019
H01,washing_machine,2015-01-17 13:59:00,2015-01-17 15:38:00,100,0.9299,0.558,2.0591
H01,washing_machine,2015-01-19 11:06:00,2015-01-19 12:51:00,106,1.0688,0.605,2.1519
H01,washing_machine,2015-01-19 18:27:00,2015-01-19 20:06:00,100,0.8184,0.491,1.9472
H01,washing_machine,2015-01-23 10:12:00,2015-01-23 11:51:00,100,0.971,0.5826,2.1798
H01,washing_machine,2015-01-23 13:18:00,2015-01-23 15:00:00,103,0.9821,0.5721,1.9783
H01,washing_machine,2015-01-24 08:20:00,2015-01-24 11:47:00,208,1.9124,0.5517,2.0992
H01,washing_machine,2015-01-25 16:27:00,2015-01-25 18:15:00,109,1.3275,0.7307,2.0636
H01,washing_machine,2015-01-27 11:07:00,2015-01-27 12:44:00,98,0.8522,0.5217,1.964
H01,washing_machine,2015-01-27 19:42:00,2015-01-27 21:24:00,103,1.0559,0.6151,2.0553
H01,washing_machine,2015-01-28 10:55:00,2015-01-28 12:41:00,107,1.1111,0.623,1.9824
H01,washing_machine,2015-01-29 13:28:00,2015-01-29 14:58:00,91,0.6045,0.3986,1.9595
H01,washing_machine,2015-01-30 10:11:00,2015-01-30 11:42:00,92,0.6889,0.4493,2.0214
H01,washing_machine,2015-01-30 12:08:00,2015-01-30 13:53:00,106,1.0683,0.6047,1.9928
H01,washing_machine,2015-02-01 19:50:00,2015-02-01 21:34:00,105,1.0248,0.5856,2.0843
H01,washing_machine,2015-02-02 10:19:00,2015-02-02 11:53:00,95,0.7982,0.5041,1.9523
H01,washing_machine,2015-02-02 13:21:00,2015-02-02 15:09:00,109,1.3026,0.717,1.9391
H01,washing_machine,2015-02-03 09:53:00,2015-02-03 11:36:00,104,1.0545,0.6084,1.9747
H01,washing_machine,2015-02-04 20:07:00,2015-02-04 21:50:00,104,1.0745,0.6199,2.1143
H01,washing_machine,2015-02-06 18:33:00,2015-02-06 20:14:00,102,0.9819,0.5776,2.1151
H01,washing_machine,2015-02-06 22:27:00,2015-02-06 23:58:00,92,0.5473,0.3569,2.0214
H01,washing_machine,2015-02-07 10:47:00,2015-02-07 12:31:00,105,1.0724,0.6128,2.0453
H01,washing_machine,2015-02-08 11:18:00,2015-02-08 13:01:00,104,0.9275,0.5351,1.9528
H01,washing_machine,2015-02-08 17:14:00,2015-02-08 18:38:00,85,0.3351,0.2366,1.7356
H01,washing_machine,2015-02-10 09:19:00,2015-02-10 10:58:00,100,0.9159,0.5496,1.9688
H01,washing_machine,2015-02-12 09:28:00,2015-02-12 11:09:00,102,0.951,0.5594,1.9503
H01,washing_machine,2015-02-12 19:13:00,2015-02-12 21:01:00,109,1.1855,0.6526,1.9919
H01,washing_machine,2015-02-13 19:10:00,2015-02-13 20:49:00,100,0.9098,0.5459,2.0711
H01,washing_machine,2015-02-15 10:26:00,2015-02-15 12:06:00,101,0.9574,0.5687,1.942
H01,washing_machine,2015-02-16 07:51:00,2015-02-16 09:35:00,105,1.1082,0.6332,2.0826
H01,washing_machine,2015-02-16 20:04:00,2015-02-16 21:44:00,101,0.8581,0.5097,1.9997
H01,washing_machine,2015-02-17 23:34:00,2015-02-18 01:15:00,102,0.9973,0.5867,2.1378
H01,washing_machine,2015-02-18 09:45:00,2015-02-18 11:27:00,103,1.0212,0.5949,1.9721
H01,washing_machine,2015-02-18 18:10:00,2015-02-18 19:33:00,84,0.2674,0.191,1.5251
H01,washing_machine,2015-02-21 11:50:00,2015-02-21 13:30:00,101,0.9828,0.5838,2.0476
H01,washing_machine,2015-02-21 14:10:00,2015-02-21 15:51:00,102,1.0089,0.5935,1.9588
H01,washing_machine,2015-02-22 10:33:00,2015-02-22 12:19:00,107,1.1807,0.6621,2.1809
H01,washing_machine,2015-02-22 16:45:00,2015-02-22 18:36:00,112,1.3784,0.7384,1.8889
H01,washing_machine,2015-02-23 10:20:00,2015-02-23 12:02:00,103,1.0441,0.6082,2.0698
H01,washing_machine,2015-02-23 18:45:00,2015-02-23 20:43:00,119,1.6669,0.8404,2.146
H01,washing_machine,2015-02-24 09:37:00,2015-02-24 11:18:00,102,0.9648,0.5676,1.964
H01,washing_machine,2015-02-26 07:29:00,2015-02-26 09:11:00,103,1.0183,0.5932,2.1232
H01,washing_machine,2015-02-26 11:13:00,2015-02-26 13:08:00,116,1.4565,0.7534,2.4497
H01,washing_machine,2015-02-26 16:58:00,2015-02-26 18:35:00,98,0.7915,0.4846,1.8857
H01,washing_machine,2015-02-28 16:12:00,2015-02-28 17:52:00,101,0.9192,0.546,1.926
H01,washing_machine,2015-02-28 19:52:00,2015-02-28 21:31:00,100,0.9292,0.5575,1.9999
H01,washing_machine,2015-03-01 12:11:00,2015-03-01 13:56:00,106,1.0128,0.5733,2.0192
H01,washing_machine,2015-03-02 07:53:00,2015-03-02 10:03:00,131,1.86,0.8519,2.074
H01,washing_machine,2015-03-02 11:04:00,2015-03-02 12:45:00,102,0.9827,0.578,1.944
H01,washing_machine,2015-03-02 18:41:00,2015-03-02 20:08:00,88,0.5046,0.3441,1.8746
H01,washing_machine,2015-03-03 09:47:00,2015-03-03 11:31:00,105,1.0688,0.6107,2.1606
H01,washing_machine,2015-03-03 16:44:00,2015-03-03 18:23:00,100,0.9255,0.5553,1.9854
H01,washing_machine,2015-03-04 12:52:00,2015-03-04 14:33:00,102,0.9919,0.5835,2.189
H01,washing_machine,2015-03-04 19:59:00,2015-03-04 21:43:00,105,1.0369,0.5925,1.9693
H01,washing_machine,2015-03-04 21:57:00,2015-03-04 23:34:00,98,0.7692,0.471,1.9158
H01,washing_machine,2015-03-05 13:48:00,2015-03-05 15:28:00,101,0.9277,0.5511,1.927
H01,washing_machine,2015-03-05 19:10:00,2015-03-05 20:55:00,106,1.0831,0.6131,2.1386
H01,washing_machine,2015-03-06 13:50:00,2015-03-06 15:35:00,106,1.2377,0.7006,2.1178
H01,washing_machine,2015-03-07 15:45:00,2015-03-07 17:21:00,97,0.8176,0.5057,2.0787
H01,washing_machine,2015-03-09 13:09:00,2015-03-09 14:49:00,101,0.9395,0.5581,2.0851
H01,washing_machine,2015-03-10 09:30:00,2015-03-10 11:11:00,102,0.9936,0.5845,2.0685
H01,washing_machine,2015-03-12 07:52:00,2015-03-12 09:29:00,98,0.8741,0.5352,1.9644
H01,washing_machine,2015-03-12 14:00:00,2015-03-12 15:38:00,99,0.8917,0.5404,1.9637
H01,washing_machine,2015-03-13 10:22:00,2015-03-13 11:57:00,96,0.7857,0.4911,1.9323
H01,washing_machine,2015-03-13 12:20:00,2015-03-13 13:56:00,97,0.8036,0.4971,1.9735
H01,washing_machine,2015-03-13 21:40:00,2015-03-13 23:18:00,99,0.8746,0.5301,1.9387
H01,washing_machine,2015-03-16 10:28:00,2015-03-16 12:08:00,101,0.9579,0.569,1.9792
H01,washing_machine,2015-03-16 13:35:00,2015-03-16 15:09:00,95,0.7834,0.4948,1.9689
H01,washing_machine,2015-03-16 18:04:00,2015-03-16 19:45:00,102,0.9357,0.5504,2.0008
H01,washing_machine,2015-03-18 10:35:00,2015-03-18 12:17:00,103,0.9534,0.5554,1.9548
H01,washing_machine,2015-03-18 18:10:00,2015-03-18 19:53:00,104,0.9363,0.5402,1.9556
H01,washing_machine,2015-03-21 10:06:00,2015-03-21 10:29:00,24,0.0437,0.1091,0.2296
H01,washing_machine,2015-03-21 10:56:00,2015-03-21 12:37:00,102,1.0043,0.5908,2.1298
H01,washing_machine,2015-03-21 16:30:00,2015-03-21 18:10:00,101,0.9437,0.5606,2.0932
H01,washing_machine,2015-03-22 10:53:00,2015-03-22 12:35:00,103,0.9771,0.5692,1.9794
H01,washing_machine,2015-03-22 19:07:00,2015-03-22 20:46:00,100,0.9428,0.5657,2.0352
H01,washing_machine,2015-03-23 10:11:00,2015-03-23 12:01:00,111,1.111,0.6005,2.1417
H01,washing_machine,2015-03-24 19:28:00,2015-03-24 21:25:00,118,1.5769,0.8018,1.9966
H01,washing_machine,2015-03-25 18:09:00,2015-03-25 19:46:00,98,0.8749,0.5357,2.0084
H01,washing_machine,2015-03-26 15:05:00,2015-03-26 16:46:00,102,0.8621,0.5071,2.0578
H01,washing_machine,2015-03-27 09:39:00,2015-03-27 11:18:00,100,0.8901,0.534,2.1472
H01,washing_machine,2015-03-27 19:59:00,2015-03-27 21:38:00,100,0.9031,0.5418,2.089
H01,washing_machine,2015-03-28 11:48:00,2015-03-28 13:24:00,97,0.8331,0.5153,1.9697
H01,washing_machine,2015-03-29 10:52:00,2015-03-29 12:39:00,108,1.3243,0.7357,2.1644
H01,washing_machine,2015-03-29 16:34:00,2015-03-29 18:13:00,100,0.901,0.5406,1.9435
H01,washing_machine,2015-03-31 14:35:00,2015-03-31 16:10:00,96,0.8527,0.5329,1.9959
H01,washing_machine,2015-03-31 19:17:00,2015-03-31 20:53:00,97,0.8203,0.5074,2.1448
H01,washing_machine,2015-04-01 09:18:00,2015-04-01 11:01:00,104,0.9708,0.5601,2.078
H01,washing_machine,2015-04-07 09:38:00,2015-04-07 11:14:00,97,0.8465,0.5236,2.0624
H01,washing_machine,2015-04-07 14:44:00,2015-04-07 16:37:00,114,1.4314,0.7534,2.1128
H01,washing_machine,2015-04-07 19:09:00,2015-04-07 20:42:00,94,0.6576,0.4198,2.0884
H01,washing_machine,2015-04-08 08:43:00,2015-04-08 10:24:00,102,0.9506,0.5592,2.0252
H01,washing_machine,2015-04-08 18:44:00,2015-04-08 20:23:00,100,0.9263,0.5558,2.1127
H01,washing_machine,2015-04-10 09:02:00,2015-04-10 10:39:00,98,0.8448,0.5172,1.932
H01,washing_machine,2015-04-11 15:35:00,2015-04-11 17:11:00,97,0.7957,0.4922,1.9203
H01,washing_machine,2015-04-13 08:48:00,2015-04-13 10:25:00,98,0.8564,0.5243,1.9657
H01,washing_machine,2015-04-13 10:34:00,2015-04-13 12:13:00,100,0.924,0.5544,2.1123
H01,washing_machine,2015-04-13 17:42:00,2015-04-13 19:20:00,99,0.819,0.4964,2.0198
H01,washing_machine,2015-04-13 21:28:00,2015-04-13 23:06:00,99,1.0224,0.6196,2.1447
H01,washing_machine,2015-04-14 09:09:00,2015-04-14 10:43:00,95,0.7585,0.4791,2.0278
H01,washing_machine,2015-04-17 09:05:00,2015-04-17 10:41:00,97,0.8349,0.5165,1.9253
H01,washing_machine,2015-04-17 12:36:00,2015-04-17 14:05:00,90,0.4987,0.3324,1.9484
H01,washing_machine,2015-04-17 17:48:00,2015-04-17 19:14:00,87,0.5188,0.3578,1.9227
H01,washing_machine,2015-04-19 10:16:00,2015-04-19 11:57:00,102,0.9074,0.5338,2.2104
H01,washing_machine,2015-04-19 16:14:00,2015-04-19 17:52:00,99,0.8447,0.5119,1.9842
H01,washing_machine,2015-04-21 08:31:00,2015-04-21 10:14:00,104,0.9637,0.556,2.1449
H01,washing_machine,2015-04-22 12:05:00,2015-04-22 13:41:00,97,0.854,0.5283,2.0006
H01,washing_machine,2015-04-22 17:51:00,2015-04-22 19:27:00,97,0.7853,0.4858,2.14
H01,washing_machine,2015-04-24 08:31:00,2015-04-24 10:08:00,98,0.8769,0.5369,2.0992
H01,washing_machine,2015-04-24 15:15:00,2015-04-24 15:53:00,39,0.0283,0.0435,0.1432
H01,washing_machine,2015-04-24 18:17:00,2015-04-24 18:28:00,12,0.0192,0.0962,0.233
H01,washing_machine,2015-04-24 20:02:00,2015-04-24 21:28:00,87,0.5235,0.3611,2.0799
H01,washing_machine,2015-04-25 16:44:00,2015-04-25 18:22:00,99,0.8336,0.5052,1.9236
H01,washing_machine,2015-04-27 08:33:00,2015-04-27 10:16:00,104,1.1574,0.6677,2.1048
H01,washing_machine,2015-04-27 12:35:00,2015-04-27 14:10:00,96,0.7764,0.4853,2.0021
H01,washing_machine,2015-04-28 17:48:00,2015-04-28 19:27:00,100,0.9077,0.5446,1.9624
H01,washing_machine,2015-04-29 18:26:00,2015-04-29 20:01:00,96,0.7753,0.4846,2.0312
H01,washing_machine,2015-04-30 12:15:00,2015-04-30 13:46:00,92,0.678,0.4422,1.913
H01,washing_machine,2015-05-01 10:34:00,2015-05-01 11:27:00,54,1.3376,1.4862,2.1061
H01,washing_machine,2015-05-01 18:55:00,2015-05-01 19:26:00,32,0.0904,0.1695,0.3335
H01,washing_machine,2015-05-03 05:10:00,2015-05-03 06:46:00,97,0.764,0.4726,2.1431
H01,washing_machine,2015-05-03 08:54:00,2015-05-03 10:39:00,106,1.1837,0.67,2.0299
H01,washing_machine,2015-05-04 10:33:00,2015-05-04 12:08:00,96,0.7528,0.4705,1.9316
H01,washing_machine,2015-05-05 09:49:00,2015-05-05 11:26:00,98,0.7929,0.4854,1.9431
H01,washing_machine,2015-05-06 09:04:00,2015-05-06 10:39:00,96,0.7913,0.4946,1.9469
H01,washing_machine,2015-05-08 18:48:00,2015-05-08 20:22:00,95,0.7834,0.4948,2.047
H01,washing_machine,2015-05-09 19:11:00,2015-05-09 20:45:00,95,0.7516,0.4747,2.0213
H01,washing_machine,2015-05-09 21:47:00,2015-05-09 23:24:00,98,0.7523,0.4606,1.9538
H01,washing_machine,2015-05-10 18:46:00,2015-05-10 20:24:00,99,0.8506,0.5155,2.0396
H01,washing_machine,2015-05-12 08:17:00,2015-05-12 09:50:00,94,0.6972,0.445,1.917
H01,washing_machine,2015-05-13 08:59:00,2015-05-13 10:34:00,96,0.7566,0.4729,1.9432
H01,washing_machine,2015-05-15 09:02:00,2015-05-15 10:37:00,96,0.7663,0.479,2.119
H01,washing_machine,2015-05-15 19:00:00,2015-05-15 20:37:00,98,0.7811,0.4782,2.1573
H01,washing_machine,2015-05-16 09:50:00,2015-05-16 11:43:00,114,1.4661,0.7716,2.0637
H01,washing_machine,2015-05-16 18:55:00,2015-05-16 20:27:00,93,0.7238,0.467,1.9432
H01,washing_machine,2015-05-17 17:45:00,2015-05-17 19:20:00,96,0.7923,0.4952,1.9413
H01,washing_machine,2015-05-18 18:47:00,2015-05-18 20:21:00,95,0.7258,0.4584,1.9268
H01,washing_machine,2015-05-20 18:26:00,2015-05-20 20:02:00,97,0.7587,0.4693,1.9332
H01,washing_machine,2015-05-21 18:56:00,2015-05-21 20:31:00,96,0.7645,0.4778,1.9746
H01,washing_machine,2015-05-22 17:25:00,2015-05-22 18:55:00,91,0.6545,0.4316,1.9482
H01,washing_machine,2015-05-22 23:02:00,2015-05-23 00:37:00,96,0.7853,0.4908,1.9189
H01,washing_machine,2015-05-31 17:24:00,2015-05-31 18:59:00,96,0.6862,0.4289,2.0505
H01,washing_machine,2015-06-01 05:45:00,2015-06-01 07:19:00,95,0.7634,0.4822,2.1354
H01,washing_machine,2015-06-01 17:11:00,2015-06-01 18:46:00,96,0.7708,0.4818,1.9308
H01,washing_machine,2015-06-03 07:08:00,2015-06-03 08:41:00,94,0.7574,0.4834,2.019
H01,washing_machine,2015-06-04 08:10:00,2015-06-04 09:45:00,96,0.7669,0.4793,1.9378
H01,washing_machine,2015-06-05 19:02:00,2015-06-05 20:34:00,93,0.6561,0.4233,2.1092
H01,washing_machine,2015-06-05 22:45:00,2015-06-06 00:16:00,92,0.6523,0.4254,1.934
H01,washing_machine,2015-06-06 07:41:00,2015-06-06 09:14:00,94,0.7323,0.4674,2.0198
H01,washing_machine,2015-06-07 08:00:00,2015-06-07 09:35:00,96,0.6611,0.4132,1.9978
H01,washing_machine,2015-06-08 19:18:00,2015-06-08 20:49:00,92,0.6722,0.4384,1.9614
H01,washing_machine,2015-06-09 13:56:00,2015-06-09 15:33:00,98,0.8067,0.4939,2.102
H01,washing_machine,2015-06-11 17:08:00,2015-06-11 18:42:00,95,0.6434,0.4064,1.9401
H01,washing_machine,2015-06-14 11:27:00,2015-06-14 13:01:00,95,0.7452,0.4707,1.924
H01,washing_machine,2015-06-14 13:36:00,2015-06-14 15:07:00,92,0.6689,0.4362,2.0648
H01,washing_machine,2015-06-15 19:46:00,2015-06-15 21:19:00,94,0.7395,0.472,1.9053
H01,washing_machine,2015-06-16 08:45:00,2015-06-16 10:16:00,92,0.6475,0.4223,2.0511
H01,washing_machine,2015-06-16 21:25:00,2015-06-16 22:56:00,92,0.6489,0.4232,1.8867
H01,washing_machine,2015-06-17 08:23:00,2015-06-17 10:03:00,101,0.6175,0.3668,1.9402
H01,washing_machine,2015-06-19 12:59:00,2015-06-19 14:33:00,95,0.73,0.4611,1.9259
H01,washing_machine,2015-06-20 14:50:00,2015-06-20 16:23:00,94,0.6664,0.4254,1.8919
H01,washing_machine,2015-06-21 11:43:00,2015-06-21 13:13:00,91,0.6456,0.4257,2.1943
H01,washing_machine,2015-06-21 17:37:00,2015-06-21 19:11:00,95,0.6412,0.405,2.1828
H01,washing_machine,2015-06-22 09:25:00,2015-06-22 10:58:00,94,0.7335,0.4682,2.068
H01,washing_machine,2015-06-23 18:42:00,2015-06-23 20:18:00,97,0.7541,0.4665,1.9414
H01,washing_machine,2015-06-25 15:53:00,2015-06-25 17:31:00,99,1.0184,0.6172,2.1341
H01,washing_machine,2015-06-25 21:04:00,2015-06-25 22:35:00,92,0.6373,0.4156,1.9786
H01,washing_machine,2015-06-27 19:07:00,2015-06-27 20:40:00,94,0.6206,0.3961,1.9316
H01,washing_machine,2015-06-28 07:01:00,2015-06-28 08:32:00,92,0.6437,0.4198,2.1501
H01,washing_machine,2015-06-29 06:32:00,2015-06-29 08:01:00,90,0.6445,0.4297,2.003
H01,washing_machine,2015-06-30 06:21:00,2015-06-30 07:54:00,94,0.6576,0.4197,1.9549
H01,washing_machine,2015-06-30 08:53:00,2015-06-30 10:23:00,91,0.5896,0.3887,1.9608
H01,washing_machine,2015-07-01 05:54:00,2015-07-01 07:23:00,90,0.5403,0.3602,1.9576
H01,washing_machine,2015-07-02 07:35:00,2015-07-02 09:06:00,92,0.6449,0.4206,1.939
H01,washing_machine,2015-07-05 08:21:00,2015-07-05 09:52:00,92,0.5793,0.3778,1.997
H01,washing_machine,2015-07-05 19:41:00,2015-07-05 21:14:00,94,0.6904,0.4407,1.9143
H01,washing_machine,2015-07-07 20:00:00,2015-07-07 21:29:00,90,0.6033,0.4022,1.9128
H01,washing_machine,2015-07-07 21:47:00,2015-07-07 23:16:00,90,0.5394,0.3596,1.8863
H01,washing_machine,2015-07-10 17:56:00,2015-07-10 19:26:00,91,0.5859,0.3863,1.9113
H01,washing_machine,2015-07-10 21:03:00,2015-07-10 22:30:00,88,0.5589,0.3811,1.926
H01,washing_machine,2015-07-11 11:33:00,2015-07-11 13:07:00,95,0.7157,0.452,1.9641
H01,washing_machine,2015-07-12 17:22:00,2015-07-12 18:56:00,95,0.5514,0.3483,1.992
H01,washing_machine,2015-07-14 07:43:00,2015-07-14 09:14:00,92,0.6591,0.4299,1.9179
H01,washing_machine,2015-07-14 13:03:00,2015-07-14 14:35:00,93,0.6447,0.416,2.0467
H01,washing_machine,2015-07-18 10:44:00,2015-07-18 12:15:00,92,0.6494,0.4235,1.899
H01,washing_machine,2015-07-18 13:27:00,2015-07-18 14:59:00,93,0.6071,0.3916,1.9628
H01,washing_machine,2015-07-18 16:00:00,2015-07-18 17:30:00,91,0.6186,0.4078,2.0179
H01,washing_machine,2015-07-19 18:26:00,2015-07-19 19:55:00,90,0.5462,0.3641,1.8927
H01,washing_machine,2015-07-21 19:22:00,2015-07-21 20:53:00,92,0.6116,0.3989,2.0069
H01,washing_machine,2015-08-01 10:48:00,2015-08-01 12:24:00,97,0.689,0.4262,1.8767
H01,washing_machine,2015-08-01 16:13:00,2015-08-01 17:45:00,93,0.6381,0.4117,1.9221
H01,washing_machine,2015-08-01 18:26:00,2015-08-01 19:59:00,94,0.6412,0.4093,1.8826
H01,washing_machine,2015-08-02 09:10:00,2015-08-02 10:43:00,94,0.7007,0.4473,1.9649
H01,washing_machine,2015-08-02 14:33:00,2015-08-02 16:03:00,91,0.6111,0.4029,1.9678
H01,washing_machine,2015-08-03 09:56:00,2015-08-03 11:30:00,95,0.6933,0.4379,2.002
H01,washing_machine,2015-08-05 17:38:00,2015-08-05 19:04:00,87,0.4839,0.3337,2.1203
H01,washing_machine,2015-08-05 21:51:00,2015-08-05 23:16:00,86,0.3963,0.2765,1.8992
H01,washing_machine,2015-08-06 17:54:00,2015-08-06 19:22:00,89,0.4114,0.2774,1.993
H01,washing_machine,2015-08-12 08:40:00,2015-08-12 10:05:00,86,0.4378,0.3054,1.9034
H01,washing_machine,2015-08-12 12:36:00,2015-08-12 14:01:00,86,0.4326,0.3018,1.9884
H01,washing_machine,2015-08-12 17:59:00,2015-08-12 19:25:00,87,0.4289,0.2958,1.9501
H01,washing_machine,2015-08-13 08:44:00,2015-08-13 10:08:00,85,0.4405,0.3109,1.931
H01,washing_machine,2015-08-14 17:47:00,2015-08-14 19:13:00,87,0.4487,0.3095,1.9236
H01,washing_machine,2015-08-16 09:47:00,2015-08-16 11:11:00,85,0.4559,0.3218,1.8756
H01,washing_machine,2015-08-17 06:48:00,2015-08-17 08:24:00,97,0.7917,0.4897,2.0519
H01,washing_machine,2015-08-17 08:36:00,2015-08-17 10:34:00,119,1.3933,0.7025,1.9388
H01,washing_machine,2015-08-17 11:07:00,2015-08-17 12:30:00,84,0.3571,0.2551,1.9294
H01,washing_machine,2015-08-25 10:17:00,2015-08-25 11:48:00,92,0.6434,0.4196,2.1559
H01,washing_machine,2015-08-25 14:37:00,2015-08-25 16:35:00,119,1.4121,0.712,2.0521
H01,washing_machine,2015-08-25 18:10:00,2015-08-25 19:41:00,92,0.5805,0.3786,2.1409
H01,washing_machine,2015-08-27 15:48:00,2015-08-27 17:20:00,93,0.6802,0.4388,1.9959
H01,washing_machine,2015-08-28 10:21:00,2015-08-28 11:19:00,59,0.3675,0.3737,2.0214
H01,washing_machine,2015-08-28 18:49:00,2015-08-28 19:50:00,62,0.5625,0.5443,1.9434
H01,washing_machine,2015-08-29 09:45:00,2015-08-29 10:50:00,66,0.557,0.5063,2.1376
H01,washing_machine,2015-08-30 08:16:00,2015-08-30 08:55:00,40,0.0854,0.1282,0.3466
H01,washing_machine,2015-08-31 10:13:00,2015-08-31 11:15:00,63,0.5501,0.5239,1.9912
H01,washing_machine,2015-09-06 13:35:00,2015-09-06 14:31:00,57,0.6835,0.7195,2.1714
H01,washing_machine,2015-09-09 13:14:00,2015-09-09 15:44:00,151,0.2275,0.0904,0.3579
H01,washing_machine,2015-09-09 16:28:00,2015-09-09 17:57:00,90,0.9167,0.6111,2.1976
H01,washing_machine,2015-09-09 18:33:00,2015-09-09 19:47:00,75,0.4485,0.3588,2.1993
H01,washing_machine,2015-09-12 14:18:00,2015-09-12 15:31:00,74,0.4453,0.3611,2.2231
H01,washing_machine,2015-09-12 17:30:00,2015-09-12 19:50:00,141,2.2196,0.9445,2.2309
H01,washing_machine,2015-09-14 10:38:00,2015-09-14 12:55:00,138,0.2175,0.0945,0.2143
H01,washing_machine,2015-09-15 11:26:00,2015-09-15 13:42:00,137,0.189,0.0828,0.2128
H01,washing_machine,2015-09-16 09:51:00,2015-09-16 12:06:00,136,0.1823,0.0804,0.2311
H01,washing_machine,2015-09-19 08:50:00,2015-09-19 11:05:00,136,0.1518,0.067,0.266
H01,washing_machine,2015-09-19 17:00:00,2015-09-19 19:15:00,136,0.1852,0.0817,0.2209
H01,washing_machine,2015-09-21 13:54:00,2015-09-21 16:08:00,135,0.1697,0.0754,0.2533
H01,washing_machine,2015-09-21 17:50:00,2015-09-21 20:08:00,139,0.1954,0.0843,0.2537
H01,washing_machine,2015-09-22 17:51:00,2015-09-22 20:05:00,135,0.4583,0.2037,2.2446
H01,washing_machine,2015-09-23 09:44:00,2015-09-23 11:12:00,89,0.9904,0.6677,2.2055
H01,washing_machine,2015-09-24 18:30:00,2015-09-24 21:06:00,157,0.6135,0.2345,2.2106
H01,washing_machine,2015-09-25 08:48:00,2015-09-25 13:27:00,280,0.6443,0.1381,2.2614
H01,washing_machine,2015-09-27 09:45:00,2015-09-27 11:51:00,127,1.1812,0.558,2.2332
H01,washing_machine,2015-09-28 10:02:00,2015-09-28 12:17:00,136,0.1711,0.0755,0.249
H01,washing_machine,2015-09-30 10:59:00,2015-09-30 13:19:00,141,0.1878,0.0799,0.2212
H01,washing_machine,2015-10-03 06:45:00,2015-10-03 08:59:00,135,0.4741,0.2107,2.2032
H01,washing_machine,2015-10-04 13:30:00,2015-10-04 15:36:00,127,1.2951,0.6118,2.2499
H01,washing_machine,2015-10-06 09:52:00,2015-10-06 12:10:00,139,0.4521,0.1952,2.2042
H01,washing_machine,2015-10-07 11:12:00,2015-10-07 13:26:00,135,0.4623,0.2055,2.2169
H01,washing_machine,2015-10-08 10:42:00,2015-10-08 12:51:00,130,1.3691,0.6319,2.3049
H01,washing_machine,2015-10-08 17:04:00,2015-10-08 19:16:00,133,0.1854,0.0836,0.2334
H01,washing_machine,2015-10-09 17:02:00,2015-10-09 18:04:00,63,0.6796,0.6473,2.2176
H01,washing_machine,2015-10-12 11:18:00,2015-10-12 12:18:00,61,0.6365,0.6261,2.2568
H01,washing_machine,2015-10-12 13:27:00,2015-10-12 14:31:00,65,0.7009,0.6469,2.2754
H01,washing_machine,2015-10-13 11:36:00,2015-10-13 12:39:00,64,0.3938,0.3692,2.2428
H01,washing_machine,2015-10-15 08:09:00,2015-10-15 10:23:00,135,0.5081,0.2258,2.2206
H01,washing_machine,2015-10-16 21:09:00,2015-10-16 23:24:00,136,0.1758,0.0776,0.1968
H01,washing_machine,2015-10-17 11:09:00,2015-10-17 12:09:00,61,0.6739,0.6629,2.2633
H01,washing_machine,2015-10-18 08:05:00,2015-10-18 09:09:00,65,0.6586,0.6079,2.2447
H01,washing_machine,2015-10-18 16:06:00,2015-10-18 17:09:00,64,0.6598,0.6186,2.2334
H01,washing_machine,2015-10-20 14:53:00,2015-10-20 17:34:00,162,1.6891,0.6256,2.2476
H01,washing_machine,2015-10-21 09:41:00,2015-10-21 11:13:00,93,1.0153,0.655,2.2351
H01,washing_machine,2015-10-23 08:25:00,2015-10-23 10:31:00,127,1.3101,0.6189,2.2253
H01,washing_machine,2015-10-23 11:55:00,2015-10-23 13:18:00,84,0.3656,0.2612,2.2093
H01,washing_machine,2015-10-25 10:42:00,2015-10-25 11:41:00,60,0.6503,0.6503,2.256
H01,washing_machine,2015-10-25 12:03:00,2015-10-25 13:03:00,61,0.6639,0.653,2.2599
H01,washing_machine,2015-10-25 18:33:00,2015-10-25 19:39:00,67,0.6822,0.6109,2.2334
H01,washing_machine,2015-10-26 20:16:00,2015-10-26 21:20:00,65,0.6535,0.6032,2.2509
H01,washing_machine,2015-10-27 06:57:00,2015-10-27 07:57:00,61,0.6215,0.6113,2.2566
H01,washing_machine,2015-10-30 16:37:00,2015-10-30 17:38:00,62,0.6498,0.6288,2.2386
H01,washing_machine,2015-10-30 18:58:00,2015-10-30 19:58:00,61,0.6822,0.671,2.2151
H01,washing_machine,2015-10-31 07:58:00,2015-10-31 08:19:00,22,0.0444,0.121,0.3699
H01,washing_machine,2015-10-31 09:20:00,2015-10-31 10:22:00,63,0.6904,0.6575,2.2466
H01,washing_machine,2015-11-01 16:21:00,2015-11-01 18:43:00,143,0.717,0.3008,2.2198
H01,washing_machine,2015-11-03 11:21:00,2015-11-03 12:23:00,63,0.7027,0.6692,2.2451
H01,washing_machine,2015-11-03 13:02:00,2015-11-03 14:03:00,62,0.703,0.6803,2.2752
H01,washing_machine,2015-11-03 18:08:00,2015-11-03 20:13:00,126,1.1593,0.552,2.2158
H01,washing_machine,2015-11-04 17:59:00,2015-11-04 19:05:00,67,0.6979,0.625,2.2371
H01,washing_machine,2015-11-06 09:15:00,2015-11-06 10:13:00,59,0.6298,0.6405,2.2452
H01,washing_machine,2015-11-06 11:57:00,2015-11-06 12:57:00,61,0.6437,0.6332,2.2705
H01,washing_machine,2015-11-07 09:24:00,2015-11-07 10:22:00,59,0.5862,0.5962,2.2044
H01,washing_machine,2015-11-08 12:06:00,2015-11-08 14:23:00,138,0.636,0.2765,2.1994
H01,washing_machine,2015-11-09 10:45:00,2015-11-09 12:49:00,125,0.6544,0.3141,2.2473
H01,washing_machine,2015-11-09 13:04:00,2015-11-09 15:40:00,157,2.1252,0.8122,2.2151
H01,washing_machine,2015-11-11 12:37:00,2015-11-11 13:39:00,63,0.723,0.6886,2.219
H01,washing_machine,2015-11-13 11:17:00,2015-11-13 12:17:00,61,0.6989,0.6875,2.2256
H01,washing_machine,2015-11-13 16:22:00,2015-11-13 17:27:00,66,0.7363,0.6694,2.2201
H01,washing_machine,2015-11-14 09:48:00,2015-11-14 10:11:00,24,0.0479,0.1198,0.3777
H01,washing_machine,2015-11-15 12:40:00,2015-11-15 13:45:00,66,0.7846,0.7132,2.2516
H01,washing_machine,2015-11-16 11:17:00,2015-11-16 12:20:00,64,0.7795,0.7308,2.2428
H01,washing_machine,2015-11-17 09:07:00,2015-11-17 10:10:00,64,0.7635,0.7158,2.2312
H01,washing_machine,2015-11-17 12:12:00,2015-11-17 13:19:00,68,0.6001,0.5295,2.1976
H01,washing_machine,2015-11-18 18:09:00,2015-11-18 19:13:00,65,0.6541,0.6038,2.2519
H01,washing_machine,2015-11-19 12:21:00,2015-11-19 13:48:00,88,0.4223,0.2879,2.2058
H01,washing_machine,2015-11-20 13:57:00,2015-11-20 14:57:00,61,0.6829,0.6717,2.2401
H01,washing_machine,2015-11-20 15:30:00,2015-11-20 16:30:00,61,0.6492,0.6385,2.214
H01,washing_machine,2015-11-23 11:16:00,2015-11-23 12:15:00,60,0.7779,0.7779,2.3553
H01,washing_machine,2015-11-23 12:26:00,2015-11-23 13:31:00,66,0.7142,0.6493,2.2665
H01,washing_machine,2015-11-25 10:05:00,2015-11-25 11:06:00,62,0.4782,0.4627,2.2468
H01,washing_machine,2015-11-26 11:13:00,2015-11-26 12:13:00,61,0.5514,0.5424,2.2212
H01,washing_machine,2015-11-27 12:55:00,2015-11-27 14:04:00,70,0.4762,0.4082,2.2642
H01,washing_machine,2015-11-28 09:32:00,2015-11-28 10:32:00,61,0.4733,0.4655,2.2513
H01,washing_machine,2015-11-30 06:58:00,2015-11-30 07:17:00,20,0.043,0.129,0.3719
H01,washing_machine,2015-11-30 11:21:00,2015-11-30 13:27:00,127,0.9401,0.4441,2.2754
H01,washing_machine,2015-12-01 02:03:00,2015-12-01 03:31:00,89,1.0481,0.7066,2.2454
H01,washing_machine,2015-12-01 08:24:00,2015-12-01 09:55:00,92,1.1119,0.7251,2.2195
H01,washing_machine,2015-12-01 22:27:00,2015-12-01 23:56:00,90,1.0951,0.7301,2.2649
H01,washing_machine,2015-12-02 11:38:00,2015-12-02 12:55:00,78,0.3714,0.2857,2.1841
H01,washing_machine,2015-12-02 15:27:00,2015-12-02 16:44:00,78,0.361,0.2777,2.1689
H01,washing_machine,2015-12-02 18:20:00,2015-12-02 19:13:00,54,0.5364,0.596,2.1932
H01,washing_machine,2015-12-02 23:44:00,2015-12-03 01:55:00,132,1.3181,0.5992,2.2573
H01,washing_machine,2015-12-03 09:13:00,2015-12-03 10:43:00,91,1.0921,0.7201,2.2336
H01,washing_machine,2015-12-04 09:09:00,2015-12-04 10:08:00,60,0.7843,0.7843,2.2677
H01,washing_machine,2015-12-04 18:09:00,2015-12-04 19:08:00,60,0.6586,0.6586,2.2783
H01,washing_machine,2015-12-06 12:44:00,2015-12-06 13:46:00,63,0.6825,0.65,2.2189
H01,washing_machine,2015-12-07 11:43:00,2015-12-07 12:44:00,62,0.6969,0.6744,2.2177
H01,washing_machine,2015-12-09 13:11:00,2015-12-09 14:11:00,61,0.7379,0.7258,2.2522
H01,washing_machine,2015-12-10 11:04:00,2015-12-10 12:33:00,90,1.0598,0.7065,2.2084
H01,washing_machine,2015-12-11 16:12:00,2015-12-11 17:12:00,61,0.68,0.6689,2.2192
H01,washing_machine,2015-12-12 12:36:00,2015-12-12 13:41:00,66,0.7428,0.6753,2.2113
H01,washing_machine,2015-12-14 08:43:00,2015-12-14 09:43:00,61,0.6962,0.6848,2.2503
H01,washing_machine,2015-12-15 10:29:00,2015-12-15 11:28:00,60,0.758,0.758,2.191
H01,washing_machine,2015-12-15 16:15:00,2015-12-15 17:12:00,58,0.6531,0.6756,2.2409
H01,washing_machine,2015-12-17 15:04:00,2015-12-17 16:04:00,61,0.7398,0.7276,2.2182
H01,washing_machine,2015-12-19 08:52:00,2015-12-19 10:00:00,69,0.7816,0.6797,2.2633
H01,washing_machine,2015-12-19 12:31:00,2015-12-19 13:31:00,61,0.6808,0.6697,2.2194
H01,washing_machine,2015-12-19 18:16:00,2015-12-19 19:31:00,76,0.3913,0.3089,2.1662
H01,washing_machine,2015-12-20 20:54:00,2015-12-20 22:10:00,77,0.4166,0.3246,2.1429
H01,washing_machine,2015-12-21 09:03:00,2015-12-21 10:33:00,91,0.6009,0.3962,2.1841
H01,washing_machine,2015-12-22 22:18:00,2015-12-22 23:50:00,93,0.601,0.3878,2.2418
H01,washing_machine,2015-12-29 09:38:00,2015-12-29 11:09:00,92,0.6286,0.41,2.4299
H01,washing_machine,2015-12-29 14:32:00,2015-12-29 16:08:00,97,0.6476,0.4006,2.2536
H01,washing_machine,2015-12-31 09:56:00,2015-12-31 11:26:00,91,0.65,0.4286,2.2242
H01,washing_machine,2015-12-31 17:39:00,2015-12-31 19:14:00,96,0.6287,0.393,2.1671
H01,washing_machine,2016-01-02 08:58:00,2016-01-02 10:33:00,96,0.632,0.395,2.218
H01,washing_machine,2016-01-02 11:19:00,2016-01-02 12:49:00,91,0.5947,0.3921,2.1987
H01,washing_machine,2016-01-04 12:24:00,2016-01-04 14:06:00,103,0.6698,0.3902,2.2505
H01,washing_machine,2016-01-06 12:36:00,2016-01-06 14:14:00,99,0.639,0.3873,2.2441
H01,washing_machine,2016-01-07 14:33:00,2016-01-07 16:04:00,92,0.6321,0.4122,2.2715
H01,washing_machine,2016-01-08 13:46:00,2016-01-08 15:14:00,89,0.6599,0.4449,2.2689
H01,washing_machine,2016-01-09 10:45:00,2016-01-09 10:59:00,15,0.0121,0.0485,0.141
H01,washing_machine,2016-01-09 11:19:00,2016-01-09 11:38:00,20,0.0438,0.1315,0.3568
H01,washing_machine,2016-01-10 12:47:00,2016-01-10 13:48:00,62,0.6988,0.6762,2.2382
H01,washing_machine,2016-01-12 09:29:00,2016-01-12 10:39:00,71,0.7777,0.6572,2.2665
H01,washing_machine,2016-01-12 11:25:00,2016-01-12 12:24:00,60,0.7741,0.7741,2.243
H01,washing_machine,2016-01-13 09:19:00,2016-01-13 10:17:00,59,0.7104,0.7225,2.2328
H01,washing_machine,2016-01-13 19:24:00,2016-01-13 20:22:00,59,0.7023,0.7142,2.2174
H01,washing_machine,2016-01-16 14:38:00,2016-01-16 15:37:00,60,0.7943,0.7943,2.2699
H01,washing_machine,2016-01-16 16:00:00,2016-01-16 17:12:00,73,0.7875,0.6472,2.2338
H01,washing_machine,2016-01-17 10:30:00,2016-01-17 11:28:00,59,0.7275,0.7398,2.2287
H01,washing_machine,2016-01-17 12:01:00,2016-01-17 13:06:00,66,0.7952,0.7229,2.2852
H01,washing_machine,2016-01-19 09:39:00,2016-01-19 10:39:00,61,0.7865,0.7736,2.2439
H01,washing_machine,2016-01-21 11:45:00,2016-01-21 12:44:00,60,0.7402,0.7402,2.2911
H01,washing_machine,2016-01-22 13:47:00,2016-01-22 14:48:00,62,0.765,0.7403,2.2173
H01,washing_machine,2016-01-23 17:31:00,2016-01-23 18:37:00,67,0.7711,0.6906,2.2172
H01,washing_machine,2016-01-24 19:05:00,2016-01-24 20:06:00,62,0.7786,0.7535,2.2285
H01,washing_machine,2016-01-25 18:04:00,2016-01-25 19:05:00,62,0.7707,0.7459,2.2099
H01,washing_machine,2016-01-27 10:07:00,2016-01-27 11:06:00,60,0.7529,0.7529,2.2206
H01,washing_machine,2016-01-27 11:14:00,2016-01-27 12:19:00,66,0.7682,0.6984,2.3091
H01,washing_machine,2016-01-28 14:22:00,2016-01-28 15:24:00,63,0.792,0.7543,2.2614
H01,washing_machine,2016-01-29 09:13:00,2016-01-29 10:14:00,62,0.7233,0.7,2.2524
H01,washing_machine,2016-01-29 19:41:00,2016-01-29 20:43:00,63,0.6609,0.6294,2.2131
H01,washing_machine,2016-01-30 08:41:00,2016-01-30 09:00:00,20,0.0455,0.1366,0.3847
H01,washing_machine,2016-01-31 16:42:00,2016-01-31 17:45:00,64,0.7812,0.7324,2.254
H01,washing_machine,2016-02-01 12:21:00,2016-02-01 13:26:00,66,0.777,0.7063,2.2111
H01,washing_machine,2016-02-02 11:18:00,2016-02-02 12:18:00,61,0.6299,0.6196,2.2732
H01,washing_machine,2016-02-02 15:40:00,2016-02-02 16:27:00,48,0.1904,0.238,2.1972
H01,washing_machine,2016-02-02 16:41:00,2016-02-02 16:51:00,11,0.0329,0.1796,0.3336
H01,washing_machine,2016-02-02 18:25:00,2016-02-02 19:28:00,64,0.5147,0.4825,2.1856
H01,washing_machine,2016-02-03 12:53:00,2016-02-03 13:55:00,63,0.7597,0.7236,2.2179
H01,washing_machine,2016-02-04 11:23:00,2016-02-04 12:25:00,63,0.7887,0.7512,2.2577
H01,washing_machine,2016-02-05 18:00:00,2016-02-05 18:59:00,60,0.7212,0.7212,2.2564
H01,washing_machine,2016-02-07 11:29:00,2016-02-07 12:30:00,62,0.6965,0.6741,2.1908
H01,washing_machine,2016-02-08 11:23:00,2016-02-08 12:25:00,63,0.7918,0.7541,2.3992
H01,washing_machine,2016-02-08 14:06:00,2016-02-08 15:11:00,66,0.7912,0.7193,2.2642
H01,washing_machine,2016-02-11 13:22:00,2016-02-11 14:22:00,61,0.7786,0.7658,2.2591
H01,washing_machine,2016-02-11 17:09:00,2016-02-11 18:10:00,62,0.5455,0.5279,2.2279
H01,washing_machine,2016-02-12 18:04:00,2016-02-12 19:03:00,60,0.5546,0.5546,2.183
H01,washing_machine,2016-02-13 15:24:00,2016-02-13 16:22:00,59,0.4701,0.4781,2.241
H01,washing_machine,2016-02-14 15:05:00,2016-02-14 16:08:00,64,0.5941,0.5569,2.2529
H01,washing_machine,2016-02-15 19:01:00,2016-02-15 20:05:00,65,0.6575,0.6069,2.2616
H01,washing_machine,2016-02-15 22:17:00,2016-02-15 23:16:00,60,0.5084,0.5084,2.1363
H01,washing_machine,2016-02-18 19:45:00,2016-02-18 20:50:00,66,0.5981,0.5437,2.1729
H01,washing_machine,2016-02-21 08:52:00,2016-02-21 09:50:00,59,0.5303,0.5393,2.2562
H01,washing_machine,2016-02-21 18:36:00,2016-02-21 19:42:00,67,0.5441,0.4873,2.2351
H01,washing_machine,2016-02-23 09:44:00,2016-02-23 10:44:00,61,0.5377,0.5289,2.2746
H01,washing_machine,2016-02-23 11:47:00,2016-02-23 12:47:00,61,0.4747,0.4669,2.2273
H01,washing_machine,2016-02-24 09:32:00,2016-02-24 10:36:00,65,0.6682,0.6168,2.2688
H01,washing_machine,2016-02-25 14:51:00,2016-02-25 15:59:00,69,0.4999,0.4347,2.2239
H01,washing_machine,2016-02-25 18:14:00,2016-02-25 19:15:00,62,0.6033,0.5839,2.235
H01,washing_machine,2016-02-26 19:00:00,2016-02-26 19:58:00,59,0.4814,0.4896,2.2025
H01,washing_machine,2016-02-28 10:04:00,2016-02-28 11:03:00,60,0.5497,0.5497,2.257
H01,washing_machine,2016-02-28 15:34:00,2016-02-28 16:33:00,60,0.5028,0.5028,2.2547
H01,washing_machine,2016-02-29 20:14:00,2016-02-29 21:15:00,62,0.5865,0.5675,2.2598
H01,washing_machine,2016-03-02 08:28:00,2016-03-02 09:27:00,60,0.5774,0.5774,2.2621
H01,washing_machine,2016-03-04 09:53:00,2016-03-04 10:51:00,59,0.5367,0.5458,2.2666
H01,washing_machine,2016-03-04 18:12:00,2016-03-04 19:09:00,58,0.7507,0.7766,2.1934
H01,washing_machine,2016-03-05 11:20:00,2016-03-05 12:22:00,63,0.775,0.7381,2.2404
H01,washing_machine,2016-03-05 19:51:00,2016-03-05 20:52:00,62,0.7841,0.7588,2.2716
H01,washing_machine,2016-03-06 12:11:00,2016-03-06 13:09:00,59,0.7716,0.7846,2.2434
H01,washing_machine,2016-03-07 20:28:00,2016-03-07 21:27:00,60,0.7602,0.7602,2.1837
H01,washing_machine,2016-03-08 14:02:00,2016-03-08 15:10:00,69,0.7849,0.6826,2.4177
H01,washing_machine,2016-03-10 15:01:00,2016-03-10 16:00:00,60,0.7783,0.7783,2.2527
H01,washing_machine,2016-03-11 14:12:00,2016-03-11 15:14:00,63,0.7992,0.7612,2.2899
H01,washing_machine,2016-03-12 09:22:00,2016-03-12 09:41:00,20,0.0452,0.1356,0.3564
H01,washing_machine,2016-03-12 09:52:00,2016-03-12 10:55:00,64,0.7736,0.7253,2.2391
H01,washing_machine,2016-03-12 17:10:00,2016-03-12 18:09:00,60,0.7599,0.7599,2.2121
H01,washing_machine,2016-03-13 10:23:00,2016-03-13 11:37:00,75,0.7916,0.6333,2.2377
H01,washing_machine,2016-03-14 12:41:00,2016-03-14 13:42:00,62,0.7876,0.7622,2.2778
H01,washing_machine,2016-03-15 18:57:00,2016-03-15 20:01:00,65,0.7823,0.7221,2.2543
H01,washing_machine,2016-03-17 07:25:00,2016-03-17 08:23:00,59,0.753,0.7657,2.2123
H01,washing_machine,2016-03-17 19:39:00,2016-03-17 20:37:00,59,0.7668,0.7798,2.2324
H01,washing_machine,2016-03-19 11:36:00,2016-03-19 12:37:00,62,0.7669,0.7422,2.2149
H01,washing_machine,2016-03-20 09:56:00,2016-03-20 11:00:00,65,0.7914,0.7305,2.2768
H01,washing_machine,2016-03-20 12:16:00,2016-03-20 13:17:00,62,0.7689,0.7441,2.2261
H01,washing_machine,2016-03-22 09:07:00,2016-03-22 10:07:00,61,0.7828,0.77,2.2618
H01,washing_machine,2016-03-23 10:00:00,2016-03-23 11:04:00,65,0.7881,0.7275,2.2454
H01,washing_machine,2016-03-25 10:02:00,2016-03-25 11:00:00,59,0.7693,0.7823,2.2447
H01,washing_machine,2016-03-25 11:26:00,2016-03-25 12:25:00,60,0.7782,0.7782,2.2688
H01,washing_machine,2016-03-25 15:04:00,2016-03-25 15:26:00,23,0.1799,0.4694,2.2387
H01,washing_machine,2016-03-28 22:14:00,2016-03-28 23:11:00,58,0.644,0.6662,2.227
H01,washing_machine,2016-03-29 08:05:00,2016-03-29 09:05:00,61,0.7415,0.7294,2.276
H01,washing_machine,2016-03-31 09:14:00,2016-03-31 10:13:00,60,0.7519,0.7519,2.2517
H01,washing_machine,2016-03-31 14:06:00,2016-03-31 15:12:00,67,0.574,0.514,2.255
H01,washing_machine,2016-04-02 09:16:00,2016-04-02 10:24:00,69,0.5915,0.5144,2.1981
H01,washing_machine,2016-04-02 13:50:00,2016-04-02 14:51:00,62,0.4351,0.4211,2.2333
H01,washing_machine,2016-04-03 11:17:00,2016-04-03 12:14:00,58,0.418,0.4324,2.2197
H01,washing_machine,2016-04-05 11:36:00,2016-04-05 12:37:00,62,0.5532,0.5354,2.2352
H01,washing_machine,2016-04-05 22:35:00,2016-04-05 23:34:00,60,0.4469,0.4469,2.3138
H01,washing_machine,2016-04-06 07:07:00,2016-04-06 08:05:00,59,0.4624,0.4702,2.202
H01,washing_machine,2016-04-09 15:50:00,2016-04-09 16:53:00,64,0.5574,0.5226,2.2272
H01,washing_machine,2016-04-09 17:10:00,2016-04-09 18:10:00,61,0.4772,0.4694,2.2349
H01,washing_machine,2016-04-11 09:25:00,2016-04-11 10:28:00,64,0.4674,0.4382,2.2271
H01,washing_machine,2016-04-11 19:43:00,2016-04-11 20:46:00,64,0.4468,0.4189,2.2251
H01,washing_machine,2016-04-13 06:45:00,2016-04-13 07:46:00,62,0.526,0.509,2.2456
H01,washing_machine,2016-04-13 08:08:00,2016-04-13 09:08:00,61,0.4681,0.4604,2.2409
H01,washing_machine,2016-04-14 08:55:00,2016-04-14 09:55:00,61,0.487,0.479,2.2424
H01,washing_machine,2016-04-15 13:49:00,2016-04-15 15:15:00,87,0.4162,0.287,2.2135
H01,washing_machine,2016-04-15 17:54:00,2016-04-15 19:00:00,67,0.7871,0.7049,2.2639
H01,washing_machine,2016-04-15 21:30:00,2016-04-15 22:29:00,60,0.6543,0.6543,2.211
H01,washing_machine,2016-04-17 11:34:00,2016-04-17 12:31:00,58,0.632,0.6538,2.2436
H01,washing_machine,2016-04-18 07:45:00,2016-04-18 08:45:00,61,0.7001,0.6887,2.2472
H01,washing_machine,2016-04-18 08:52:00,2016-04-18 09:51:00,60,0.6513,0.6513,2.2723
H01,washing_machine,2016-04-20 06:11:00,2016-04-20 07:12:00,62,0.7837,0.7584,2.2558
H01,washing_machine,2016-04-20 19:13:00,2016-04-20 20:15:00,63,0.6951,0.662,2.194
H01,washing_machine,2016-04-21 18:42:00,2016-04-21 19:41:00,60,0.6679,0.6679,2.2503
H01,washing_machine,2016-04-23 19:05:00,2016-04-23 20:06:00,62,0.75,0.7258,2.2018
H01,washing_machine,2016-04-25 18:22:00,2016-04-25 19:25:00,64,0.7709,0.7227,2.2167
H01,washing_machine,2016-04-25 21:27:00,2016-04-25 22:34:00,68,0.6998,0.6175,2.2262
H01,washing_machine,2016-04-28 08:27:00,2016-04-28 10:30:00,124,1.4202,0.6872,2.2517
H01,washing_machine,2016-04-29 09:12:00,2016-04-29 10:09:00,58,0.666,0.6889,2.2464
H01,washing_machine,2016-04-29 13:06:00,2016-04-29 14:06:00,61,0.7637,0.7512,2.281
H01,washing_machine,2016-05-01 11:14:00,2016-05-01 12:14:00,61,0.7517,0.7394,2.1639
H01,washing_machine,2016-05-01 17:31:00,2016-05-01 19:08:00,98,1.155,0.7071,2.212
H01,washing_machine,2016-05-04 07:23:00,2016-05-04 08:23:00,61,0.7764,0.7637,2.2848
H01,washing_machine,2016-05-04 14:32:00,2016-05-04 15:34:00,63,0.7242,0.6897,2.2496
H01,washing_machine,2016-05-05 12:54:00,2016-05-05 13:53:00,60,0.6533,0.6533,2.2728
H01,washing_machine,2016-05-05 14:10:00,2016-05-05 15:13:00,64,0.6561,0.6151,2.2486
H01,washing_machine,2016-05-07 11:02:00,2016-05-07 12:02:00,61,0.6478,0.6372,2.2604
H01,washing_machine,2016-05-09 18:31:00,2016-05-09 19:34:00,64,0.6525,0.6117,2.3971
H01,washing_machine,2016-05-10 18:30:00,2016-05-10 19:31:00,62,0.6537,0.6327,2.2327
H01,washing_machine,2016-05-11 12:15:00,2016-05-11 13:15:00,61,0.6128,0.6028,2.227
H01,washing_machine,2016-05-11 13:27:00,2016-05-11 15:57:00,151,1.7828,0.7084,2.2294
H01,washing_machine,2016-05-11 18:51:00,2016-05-11 19:52:00,62,0.6433,0.6225,2.2269
H01,washing_machine,2016-05-12 14:56:00,2016-05-12 15:55:00,60,0.6098,0.6098,2.2576
H01,washing_machine,2016-05-15 21:49:00,2016-05-15 22:52:00,64,0.095,0.089,0.4154
H01,washing_machine,2016-05-16 18:48:00,2016-05-16 19:46:00,59,0.3937,0.4004,2.2256
H01,washing_machine,2016-05-16 20:02:00,2016-05-16 21:03:00,62,0.0892,0.0864,0.3914
H01,washing_machine,2016-05-17 16:40:00,2016-05-17 17:41:00,62,0.0872,0.0844,0.3672
H01,washing_machine,2016-05-19 21:31:00,2016-05-19 22:35:00,65,0.0884,0.0816,0.39
H01,washing_machine,2016-05-20 18:49:00,2016-05-20 19:54:00,66,0.3903,0.3548,2.2318
H01,washing_machine,2016-05-21 18:45:00,2016-05-21 19:47:00,63,0.3939,0.3752,2.2424
H01,washing_machine,2016-05-24 19:40:00,2016-05-24 20:40:00,61,0.4342,0.4271,2.1909
H01,washing_machine,2016-05-25 03:29:00,2016-05-25 04:28:00,60,0.3703,0.3703,2.2618
H01,washing_machine,2016-05-26 09:26:00,2016-05-26 10:33:00,68,0.4149,0.3661,2.2189
H01,washing_machine,2016-05-26 11:23:00,2016-05-26 12:24:00,62,0.353,0.3416,2.2484
H01,washing_machine,2016-05-26 18:49:00,2016-05-26 19:49:00,61,0.3901,0.3837,2.2199
H01,washing_machine,2016-06-03 19:54:00,2016-06-03 20:55:00,62,0.4162,0.4028,2.1768
H01,washing_machine,2016-06-05 09:19:00,2016-06-05 10:19:00,61,0.3736,0.3675,2.1978
H01,washing_machine,2016-06-05 10:47:00,2016-06-05 11:51:00,65,0.0826,0.0762,0.3544
H01,washing_machine,2016-06-05 13:08:00,2016-06-05 14:07:00,60,0.0887,0.0887,0.3642
H01,washing_machine,2016-06-06 13:56:00,2016-06-06 15:06:00,71,0.0955,0.0807,0.3874
H01,washing_machine,2016-06-08 13:25:00,2016-06-08 14:26:00,62,0.0813,0.0786,0.3391
H01,washing_machine,2016-06-08 21:48:00,2016-06-08 23:13:00,86,0.7564,0.5278,2.2133
H01,washing_machine,2016-06-10 06:11:00,2016-06-10 07:13:00,63,0.7655,0.7291,2.2439
H01,washing_machine,2016-06-10 12:39:00,2016-06-10 13:43:00,65,0.7733,0.7138,2.2495
H01,washing_machine,2016-06-12 15:20:00,2016-06-12 16:22:00,63,0.7687,0.7321,2.2121
H01,washing_machine,2016-06-13 11:22:00,2016-06-13 12:20:00,59,0.3438,0.3496,2.2422
H01,washing_machine,2016-06-13 12:29:00,2016-06-13 13:28:00,60,0.0834,0.0834,0.3166
H01,washing_machine,2016-06-15 18:17:00,2016-06-15 19:18:00,62,0.6066,0.5871,2.2198
H01,washing_machine,2016-06-16 10:50:00,2016-06-16 11:50:00,61,0.0842,0.0828,0.2992
H01,washing_machine,2016-06-17 19:29:00,2016-06-17 20:29:00,61,0.088,0.0865,0.4072
H01,washing_machine,2016-06-19 17:29:00,2016-06-19 18:32:00,64,0.5746,0.5386,2.2223
H01,washing_machine,2016-06-20 10:50:00,2016-06-20 11:49:00,60,0.1614,0.1614,2.2216
H01,washing_machine,2016-06-20 18:00:00,2016-06-20 18:55:00,56,0.7574,0.8115,2.2569
H01,washing_machine,2016-06-20 22:11:00,2016-06-20 23:03:00,53,0.7125,0.8066,2.2249
H01,washing_machine,2016-06-22 12:28:00,2016-06-22 13:29:00,62,0.7693,0.7444,2.2271
H01,washing_machine,2016-06-22 18:04:00,2016-06-22 19:04:00,61,0.7477,0.7354,2.1828
H01,washing_machine,2016-06-26 09:21:00,2016-06-26 10:23:00,63,0.0929,0.0885,0.3792
H01,washing_machine,2016-06-26 10:45:00,2016-06-26 11:49:00,65,0.3112,0.2873,2.2209
H01,washing_machine,2016-06-28 13:00:00,2016-06-28 14:01:00,62,0.0985,0.0953,0.3887
H01,washing_machine,2016-06-29 08:15:00,2016-06-29 09:13:00,59,0.773,0.7861,2.2696
H01,washing_machine,2016-06-30 19:00:00,2016-06-30 19:59:00,60,0.0867,0.0867,0.3334
H01,washing_machine,2016-07-01 17:12:00,2016-07-01 18:12:00,61,0.0825,0.0811,0.3194
H01,washing_machine,2016-07-02 09:00:00,2016-07-02 09:59:00,60,0.0803,0.0803,0.3489
H01,washing_machine,2016-07-04 14:09:00,2016-07-04 15:11:00,63,0.0871,0.0829,0.3384
H01,washing_machine,2016-07-04 18:31:00,2016-07-04 19:30:00,60,0.5477,0.5477,2.2276
H01,washing_machine,2016-07-04 21:37:00,2016-07-04 22:40:00,64,0.5485,0.5142,2.271
H01,washing_machine,2016-07-05 21:50:00,2016-07-05 22:11:00,22,0.0422,0.115,0.3291
H01,washing_machine,2016-07-06 17:28:00,2016-07-06 18:27:00,60,0.5243,0.5243,2.2206
H01,washing_machine,2016-07-09 07:57:00,2016-07-09 09:00:00,64,0.5828,0.5464,2.2311
H01,washing_machine,2016-07-09 11:09:00,2016-07-09 12:17:00,69,0.6401,0.5566,2.2418
H01,washing_machine,2016-07-09 12:31:00,2016-07-09 13:30:00,60,0.084,0.084,0.3381
H01,washing_machine,2016-07-10 16:31:00,2016-07-10 17:31:00,61,0.7427,0.7305,2.1724
H01,washing_machine,2016-07-11 17:51:00,2016-07-11 18:57:00,67,0.7506,0.6722,2.254
H01,washing_machine,2016-07-13 07:19:00,2016-07-13 08:19:00,61,0.0817,0.0803,0.3151
H01,washing_machine,2016-07-14 07:05:00,2016-07-14 09:47:00,163,1.5369,0.5657,2.2666
H01,washing_machine,2016-07-15 12:04:00,2016-07-15 13:06:00,63,0.0904,0.0861,0.3362
H01,washing_machine,2016-07-17 09:12:00,2016-07-17 10:13:00,62,0.0818,0.0792,0.3311
H01,washing_machine,2016-07-17 10:22:00,2016-07-17 11:26:00,65,0.502,0.4634,2.1742
H01,washing_machine,2016-07-18 19:39:00,2016-07-18 20:42:00,64,0.0876,0.0821,0.3964
H01,washing_machine,2016-07-19 06:20:00,2016-07-19 07:21:00,62,0.0867,0.0839,0.4077
H01,washing_machine,2016-07-20 07:31:00,2016-07-20 08:32:00,62,0.0825,0.0798,0.335
H01,washing_machine,2016-07-20 13:22:00,2016-07-20 13:31:00,10,0.0227,0.136,0.1736
H01,washing_machine,2016-07-20 14:15:00,2016-07-20 15:08:00,54,0.4384,0.4871,2.1904
H01,washing_machine,2016-07-29 20:06:00,2016-07-29 21:08:00,63,0.566,0.539,2.2162
H01,washing_machine,2016-07-30 09:29:00,2016-07-30 10:34:00,66,0.0976,0.0887,0.4075
H01,washing_machine,2016-07-30 11:00:00,2016-07-30 12:06:00,67,0.5695,0.51,2.2496
H01,washing_machine,2016-07-30 12:13:00,2016-07-30 13:20:00,68,0.4991,0.4404,2.2418
H01,washing_machine,2016-07-30 17:27:00,2016-07-30 18:33:00,67,0.5493,0.492,2.2519
H01,washing_machine,2016-07-30 21:11:00,2016-07-30 22:17:00,67,0.5175,0.4634,2.2385
H01,washing_machine,2016-07-31 08:35:00,2016-07-31 09:42:00,68,0.0938,0.0828,0.3067
H01,washing_machine,2016-07-31 12:21:00,2016-07-31 13:21:00,61,0.0839,0.0825,0.2814
H01,washing_machine,2016-08-02 08:10:00,2016-08-02 09:08:00,59,0.0887,0.0902,0.4278
H01,washing_machine,2016-08-02 16:39:00,2016-08-02 18:08:00,90,0.9116,0.6077,2.2444
H01,washing_machine,2016-08-04 13:15:00,2016-08-04 14:15:00,61,0.3272,0.3219,2.2416
H01,washing_machine,2016-08-04 21:13:00,2016-08-04 22:07:00,55,0.506,0.552,2.2128
H01,washing_machine,2016-08-07 08:57:00,2016-08-07 09:53:00,57,0.1065,0.1121,1.9827
H01,washing_machine,2016-08-07 19:57:00,2016-08-07 21:01:00,65,0.5728,0.5287,2.3625
H01,washing_machine,2016-08-09 17:16:00,2016-08-09 18:15:00,60,0.5113,0.5113,2.2587
H01,washing_machine,2016-08-10 19:12:00,2016-08-10 20:12:00,61,0.298,0.2931,2.2472
H01,washing_machine,2016-08-11 07:33:00,2016-08-11 07:52:00,20,0.0451,0.1354,0.3815
H01,washing_machine,2016-08-13 18:27:00,2016-08-13 19:29:00,63,0.2803,0.2669,2.2779
H01,washing_machine,2016-08-14 18:41:00,2016-08-14 19:40:00,60,0.2902,0.2902,2.2153
H01,washing_machine,2016-08-15 07:18:00,2016-08-15 07:35:00,18,0.0236,0.0787,0.1564
H01,washing_machine,2016-08-15 10:48:00,2016-08-15 11:48:00,61,0.3226,0.3173,2.2393
H01,washing_machine,2016-08-17 07:52:00,2016-08-17 08:53:00,62,0.1257,0.1217,1.6924
H01,washing_machine,2016-08-18 12:29:00,2016-08-18 13:29:00,61,0.1204,0.1185,1.7026
H01,washing_machine,2016-08-18 13:48:00,2016-08-18 14:48:00,61,0.7743,0.7616,2.275
H01,washing_machine,2016-08-19 13:28:00,2016-08-19 14:26:00,59,0.0799,0.0812,0.3098
H01,washing_machine,2016-08-22 09:09:00,2016-08-22 10:13:00,65,0.088,0.0813,0.3631
H01,washing_machine,2016-08-22 11:36:00,2016-08-22 13:06:00,91,0.9777,0.6446,2.2504
H01,washing_machine,2016-08-24 08:55:00,2016-08-24 10:36:00,102,0.9908,0.5828,2.2675
H01,washing_machine,2016-08-24 18:09:00,2016-08-24 19:20:00,72,0.1011,0.0843,1.0539
H01,washing_machine,2016-08-26 11:22:00,2016-08-26 12:21:00,60,0.1077,0.1077,1.2502
H01,washing_machine,2016-08-26 17:08:00,2016-08-26 17:19:00,12,0.0357,0.1784,0.3627
H01,washing_machine,2016-08-28 10:29:00,2016-08-28 11:28:00,60,0.0997,0.0997,0.8943
H01,washing_machine,2016-08-28 11:52:00,2016-08-28 14:01:00,130,1.5651,0.7224,2.2618
H01,washing_machine,2016-08-28 14:17:00,2016-08-28 15:18:00,62,0.2203,0.2132,2.2149
H01,washing_machine,2016-08-31 19:50:00,2016-08-31 20:50:00,61,0.2705,0.2661,2.2212
H01,washing_machine,2016-09-01 08:19:00,2016-09-01 08:40:00,22,0.041,0.1117,0.305
H01,washing_machine,2016-09-01 09:30:00,2016-09-01 10:29:00,60,0.2756,0.2756,2.2036
H01,washing_machine,2016-09-02 09:13:00,2016-09-02 11:21:00,129,1.4691,0.6833,2.2356
H01,washing_machine,2016-09-02 15:56:00,2016-09-02 17:54:00,119,1.4584,0.7353,2.244
H01,washing_machine,2016-09-04 10:32:00,2016-09-04 11:34:00,63,0.5567,0.5302,2.2076
H01,washing_machine,2016-09-04 18:30:00,2016-09-04 19:31:00,62,0.5776,0.559,2.2056
H01,washing_machine,2016-09-05 19:58:00,2016-09-05 20:50:00,53,0.4132,0.4677,2.2223
H01,washing_machine,2016-09-06 18:13:00,2016-09-06 19:14:00,62,0.6564,0.6353,2.2617
H01,washing_machine,2016-09-07 10:45:00,2016-09-07 11:37:00,53,0.0509,0.0576,0.1631
H01,washing_machine,2016-09-07 13:13:00,2016-09-07 14:24:00,72,0.1168,0.0973,1.7259
H01,washing_machine,2016-09-10 07:26:00,2016-09-10 08:28:00,63,0.1162,0.1107,1.3683
H01,washing_machine,2016-09-11 11:07:00,2016-09-11 12:06:00,60,0.2882,0.2882,2.2165
H01,washing_machine,2016-09-11 21:27:00,2016-09-11 22:30:00,64,0.4796,0.4496,2.1837
H01,washing_machine,2016-09-13 06:51:00,2016-09-13 07:59:00,69,0.5904,0.5134,2.2702
H01,washing_machine,2016-09-13 09:42:00,2016-09-13 10:33:00,52,0.4092,0.4722,2.2534
H01,washing_machine,2016-09-13 19:35:00,2016-09-13 20:36:00,62,0.271,0.2623,2.1909
H01,washing_machine,2016-09-16 10:17:00,2016-09-16 12:17:00,121,1.5008,0.7442,2.2317
H01,washing_machine,2016-09-16 12:42:00,2016-09-16 13:42:00,61,0.2569,0.2526,2.2272
H01,washing_machine,2016-09-17 13:40:00,2016-09-17 14:42:00,63,0.7646,0.7282,2.236
H01,washing_machine,2016-09-18 13:27:00,2016-09-18 13:48:00,22,0.0411,0.1121,0.3297
H01,washing_machine,2016-09-18 14:10:00,2016-09-18 15:10:00,61,0.5079,0.4996,2.2467
H01,washing_machine,2016-09-21 07:37:00,2016-09-21 08:36:00,60,0.2906,0.2906,2.2297
H01,washing_machine,2016-09-23 10:28:00,2016-09-23 11:29:00,62,0.3463,0.3351,2.2458
H01,washing_machine,2016-09-24 08:33:00,2016-09-24 09:33:00,61,0.758,0.7456,2.2298
H01,washing_machine,2016-09-25 08:04:00,2016-09-25 09:05:00,62,0.1291,0.1249,1.9387
H01,washing_machine,2016-09-26 15:59:00,2016-09-26 17:01:00,63,0.1442,0.1373,1.9932
H01,washing_machine,2016-09-28 11:26:00,2016-09-28 12:26:00,61,0.1343,0.1321,2.221
H01,washing_machine,2016-09-29 18:08:00,2016-09-29 19:33:00,86,0.4166,0.2906,2.246
H01,washing_machine,2016-09-29 22:31:00,2016-09-29 23:34:00,64,0.3543,0.3321,2.2099
H01,washing_machine,2016-10-01 08:53:00,2016-10-01 09:51:00,59,0.3253,0.3308,2.2402
H01,washing_machine,2016-10-01 15:38:00,2016-10-01 17:17:00,100,0.9056,0.5433,2.2016
H01,washing_machine,2016-10-03 12:18:00,2016-10-03 13:22:00,65,0.4047,0.3736,2.2757
H01,washing_machine,2016-10-04 10:06:00,2016-10-04 12:22:00,137,1.4117,0.6183,2.2539
H01,washing_machine,2016-10-04 13:47:00,2016-10-04 14:49:00,63,0.3386,0.3225,2.2367
H01,washing_machine,2016-10-05 18:42:00,2016-10-05 19:48:00,67,0.4385,0.3926,2.211
H01,washing_machine,2016-10-06 18:22:00,2016-10-06 19:23:00,62,0.6385,0.6179,2.2082
H01,washing_machine,2016-10-07 08:26:00,2016-10-07 08:49:00,24,0.0398,0.0995,0.309
H01,washing_machine,2016-10-08 09:49:00,2016-10-08 10:52:00,64,0.6428,0.6026,2.2222
H01,washing_machine,2016-10-08 14:41:00,2016-10-08 16:43:00,123,1.6435,0.8017,2.172
H01,washing_machine,2016-10-09 07:38:00,2016-10-09 09:00:00,83,0.3885,0.2808,2.1926
H01,washing_machine,2016-10-09 17:27:00,2016-10-09 19:43:00,137,1.2768,0.5592,2.1821
H01,washing_machine,2016-10-10 14:53:00,2016-10-10 15:53:00,61,0.3592,0.3533,2.2127
H01,washing_machine,2016-10-10 17:06:00,2016-10-10 18:09:00,64,0.4222,0.3958,2.2147
H01,washing_machine,2016-10-11 08:55:00,2016-10-11 10:58:00,124,1.7028,0.824,2.2304
H01,washing_machine,2016-10-14 08:40:00,2016-10-14 10:09:00,90,1.1778,0.7852,2.231
H01,washing_machine,2016-10-15 16:08:00,2016-10-15 18:13:00,126,1.2685,0.604,2.1891
H01,washing_machine,2016-10-16 11:27:00,2016-10-16 12:27:00,61,0.6364,0.6259,2.2044
H01,washing_machine,2016-10-16 14:34:00,2016-10-16 15:58:00,85,0.4169,0.2943,2.2
H01,washing_machine,2016-10-17 15:29:00,2016-10-17 17:01:00,93,1.0871,0.7013,2.3223
H01,washing_machine,2016-10-19 12:25:00,2016-10-19 13:28:00,64,0.6905,0.6473,2.3064
H01,washing_machine,2016-10-19 17:52:00,2016-10-19 19:20:00,89,1.0289,0.6936,2.2093
H01,washing_machine,2016-10-24 16:58:00,2016-10-24 18:01:00,64,0.7375,0.6914,2.267
H01,washing_machine,2016-10-27 09:25:00,2016-10-27 10:26:00,62,0.69,0.6678,2.2372
H01,washing_machine,2016-10-28 09:04:00,2016-10-28 10:05:00,62,0.6392,0.6186,2.2271
H01,washing_machine,2016-10-30 12:14:00,2016-10-30 13:15:00,62,0.7634,0.7388,2.2568
H01,washing_machine,2016-10-30 19:11:00,2016-10-30 20:16:00,66,0.2196,0.1996,2.2576
H01,washing_machine,2016-10-31 17:21:00,2016-10-31 18:22:00,62,0.2142,0.2073,2.2021
H01,washing_machine,2016-11-01 11:52:00,2016-11-01 12:51:00,60,0.2114,0.2114,2.2624
H01,washing_machine,2016-11-02 17:37:00,2016-11-02 18:31:00,55,0.06,0.0655,0.1975
H01,washing_machine,2016-11-03 11:18:00,2016-11-03 12:20:00,63,0.2752,0.2621,2.3123
H01,washing_machine,2016-11-05 16:12:00,2016-11-05 17:13:00,62,0.2163,0.2093,2.2139
H01,washing_machine,2016-11-07 17:52:00,2016-11-07 18:52:00,61,0.2291,0.2253,2.1801
H01,washing_machine,2016-11-08 07:38:00,2016-11-08 09:53:00,136,0.7675,0.3386,2.2802
H01,washing_machine,2016-11-08 10:08:00,2016-11-08 11:44:00,97,1.1343,0.7016,2.2501
H01,washing_machine,2016-11-08 16:07:00,2016-11-08 18:46:00,160,1.1079,0.4155,2.2401
H01,washing_machine,2016-11-09 15:25:00,2016-11-09 15:49:00,25,0.0294,0.0706,0.1599
H01,washing_machine,2016-11-09 22:22:00,2016-11-10 01:05:00,164,1.2071,0.4416,2.2527
H01,washing_machine,2016-11-11 18:59:00,2016-11-11 20:03:00,65,0.7698,0.7105,2.2443
H01,washing_machine,2016-11-12 10:15:00,2016-11-12 11:20:00,66,0.7045,0.6405,2.2146
H01,washing_machine,2016-11-14 13:54:00,2016-11-14 14:54:00,61,0.7019,0.6903,2.2394
H01,washing_machine,2016-11-14 19:05:00,2016-11-14 20:07:00,63,0.7741,0.7372,2.2667
H01,washing_machine,2016-11-15 09:24:00,2016-11-15 09:44:00,21,0.0393,0.1122,0.2629
H01,washing_machine,2016-11-15 10:24:00,2016-11-15 11:31:00,68,0.7407,0.6536,2.2661
H01,washing_machine,2016-11-15 19:33:00,2016-11-15 20:42:00,70,0.7684,0.6587,2.2134
H01,washing_machine,2016-11-17 08:06:00,2016-11-17 09:08:00,63,0.788,0.7504,2.3119
H01,washing_machine,2016-11-17 09:43:00,2016-11-17 12:33:00,171,0.9812,0.3443,2.2882
H01,washing_machine,2016-11-19 13:36:00,2016-11-19 15:47:00,132,0.7477,0.3399,2.2103
H01,washing_machine,2016-11-20 10:26:00,2016-11-20 13:06:00,161,1.6607,0.6189,2.2763
H01,washing_machine,2016-11-21 07:49:00,2016-11-21 09:12:00,84,0.4523,0.3231,2.2481
H01,washing_machine,2016-11-22 14:24:00,2016-11-22 15:30:00,67,0.7269,0.651,2.2854
H01,washing_machine,2016-11-22 19:06:00,2016-11-22 20:12:00,67,0.5711,0.5114,2.2589
H01,washing_machine,2016-11-24 15:00:00,2016-11-24 15:58:00,59,0.2653,0.2698,2.2244
H01,washing_machine,2016-11-25 12:37:00,2016-11-25 13:37:00,61,0.7776,0.7649,2.2666
H01,washing_machine,2016-11-26 16:45:00,2016-11-26 17:51:00,67,0.7851,0.703,2.2306
H01,washing_machine,2016-11-27 12:26:00,2016-11-27 13:24:00,59,0.6378,0.6486,2.2188
H01,washing_machine,2016-11-29 08:05:00,2016-11-29 09:12:00,68,0.5911,0.5215,2.2588
H01,washing_machine,2016-11-29 10:42:00,2016-11-29 11:43:00,62,0.6559,0.6348,2.3088
H01,washing_machine,2016-11-30 16:00:00,2016-11-30 16:59:00,60,0.6744,0.6744,2.2584
H01,washing_machine,2016-11-30 17:41:00,2016-11-30 18:43:00,63,0.5794,0.5519,2.2394
H01,washing_machine,2016-12-05 18:46:00,2016-12-05 19:45:00,60,0.7705,0.7705,2.2221
H01,washing_machine,2016-12-06 11:50:00,2016-12-06 14:00:00,131,1.1685,0.5352,2.2871
H01,washing_machine,2016-12-06 14:11:00,2016-12-06 15:16:00,66,0.5446,0.4951,2.2391
H01,washing_machine,2016-12-09 13:53:00,2016-12-09 14:52:00,60,0.4949,0.4949,2.2223
H01,washing_machine,2016-12-10 12:33:00,2016-12-10 13:34:00,62,0.5285,0.5114,2.2756
H01,washing_machine,2016-12-10 15:46:00,2016-12-10 17:59:00,134,0.7423,0.3324,2.2041
H01,washing_machine,2016-12-11 13:04:00,2016-12-11 13:26:00,23,0.0388,0.1012,0.2304
H01,washing_machine,2016-12-13 10:50:00,2016-12-13 13:40:00,171,0.766,0.2688,2.2431
H01,washing_machine,2016-12-14 17:16:00,2016-12-14 18:16:00,61,0.5797,0.5702,2.2612
H01,washing_machine,2016-12-16 17:38:00,2016-12-16 18:41:00,64,0.4854,0.455,2.2669
H01,washing_machine,2016-12-17 16:32:00,2016-12-17 18:34:00,123,1.3984,0.6821,2.2166
H01,washing_machine,2016-12-19 08:08:00,2016-12-19 09:08:00,61,0.768,0.7555,2.2113
H01,washing_machine,2016-12-19 19:52:00,2016-12-19 20:54:00,63,0.7815,0.7442,2.2476
H01,washing_machine,2016-12-21 17:25:00,2016-12-21 18:28:00,64,0.7945,0.7448,2.2819
H01,washing_machine,2016-12-22 11:50:00,2016-12-22 12:49:00,60,0.4665,0.4665,2.2163
H01,washing_machine,2016-12-22 21:01:00,2016-12-22 22:07:00,67,0.6391,0.5723,2.2217
H01,washing_machine,2016-12-23 19:13:00,2016-12-23 20:11:00,59,0.5507,0.56,2.2215
H01,washing_machine,2016-12-24 08:06:00,2016-12-24 08:25:00,20,0.0441,0.1324,0.3468
H01,washing_machine,2016-12-26 10:45:00,2016-12-26 11:54:00,70,0.6813,0.5839,2.2068
H01,washing_machine,2016-12-31 09:07:00,2016-12-31 10:08:00,62,0.7662,0.7415,2.2562
H01,washing_machine,2016-12-31 10:33:00,2016-12-31 11:34:00,62,0.7865,0.7611,2.2527
H01,washing_machine,2016-12-31 12:49:00,2016-12-31 13:10:00,22,0.0442,0.1205,0.3467
H01,washing_machine,2016-12-31 14:36:00,2016-12-31 15:39:00,64,0.7869,0.7378,2.2724
H01,washing_machine,2017-01-01 10:38:00,2017-01-01 11:00:00,23,0.0445,0.1161,0.3372
H01,washing_machine,2017-01-01 12:21:00,2017-01-01 12:31:00,11,0.1578,0.861,2.247
H01,washing_machine,2017-01-05 10:40:00,2017-01-05 11:42:00,63,0.807,0.7686,2.3037
H01,washing_machine,2017-01-05 15:37:00,2017-01-05 17:20:00,104,1.348,0.7777,2.256
H01,washing_machine,2017-01-07 17:49:00,2017-01-07 18:52:00,64,0.7828,0.7339,2.2464
H01,washing_machine,2017-01-08 10:48:00,2017-01-08 11:52:00,65,0.7745,0.7149,2.2268
H01,washing_machine,2017-01-08 15:26:00,2017-01-08 16:30:00,65,0.7371,0.6804,2.1576
H01,washing_machine,2017-01-09 10:24:00,2017-01-09 11:23:00,60,0.3339,0.3339,2.2439
H01,washing_machine,2017-01-09 13:39:00,2017-01-09 14:39:00,61,0.2856,0.2809,2.2579
H01,washing_machine,2017-01-11 15:33:00,2017-01-11 17:07:00,95,1.0901,0.6885,2.2287
H01,washing_machine,2017-01-12 19:46:00,2017-01-12 20:47:00,62,0.7759,0.7509,2.2418
H01,washing_machine,2017-01-13 09:57:00,2017-01-13 10:56:00,60,0.7696,0.7696,2.2354
H01,washing_machine,2017-01-14 19:44:00,2017-01-14 20:43:00,60,0.7752,0.7752,2.2128
H01,washing_machine,2017-01-15 11:42:00,2017-01-15 12:48:00,67,0.7879,0.7056,2.2951
H01,washing_machine,2017-01-16 19:09:00,2017-01-16 20:11:00,63,0.7511,0.7153,2.176
H01,washing_machine,2017-01-17 09:44:00,2017-01-17 10:43:00,60,0.7657,0.7657,2.2133
H01,washing_machine,2017-01-19 18:58:00,2017-01-19 20:04:00,67,0.779,0.6976,2.202
H01,washing_machine,2017-01-22 11:25:00,2017-01-22 12:24:00,60,0.7756,0.7756,2.2362
H01,washing_machine,2017-01-22 16:06:00,2017-01-22 17:39:00,94,1.1841,0.7558,2.1467
H01,washing_machine,2017-01-24 09:23:00,2017-01-24 10:24:00,62,0.6522,0.6312,2.2564
H01,washing_machine,2017-01-26 09:03:00,2017-01-26 10:03:00,61,0.6413,0.6308,2.2418
H01,washing_machine,2017-01-26 13:34:00,2017-01-26 14:41:00,68,0.6582,0.5808,2.272
H01,washing_machine,2017-01-27 09:23:00,2017-01-27 10:27:00,65,0.6665,0.6152,2.2629
H01,washing_machine,2017-01-29 08:59:00,2017-01-29 10:00:00,62,0.5115,0.495,2.2438
H01,washing_machine,2017-01-29 11:43:00,2017-01-29 12:43:00,61,0.4654,0.4577,2.2256
H01,washing_machine,2017-01-30 18:11:00,2017-01-30 19:16:00,66,0.5859,0.5326,2.2549
H01,washing_machine,2017-01-31 09:15:00,2017-01-31 10:21:00,67,0.7823,0.7006,2.2851
H01,washing_machine,2017-01-31 10:39:00,2017-01-31 11:44:00,66,0.6281,0.571,2.2336
H01,washing_machine,2017-02-01 14:29:00,2017-02-01 15:28:00,60,0.4812,0.4812,2.2818
H01,washing_machine,2017-02-03 12:57:00,2017-02-03 13:59:00,63,0.6196,0.5901,2.2875
H01,washing_machine,2017-02-03 15:00:00,2017-02-03 15:59:00,60,0.542,0.542,2.2758
H01,washing_machine,2017-02-04 12:54:00,2017-02-04 13:53:00,60,0.5719,0.5719,2.209
H01,washing_machine,2017-02-05 15:21:00,2017-02-05 16:20:00,60,0.6379,0.6379,2.2324
H01,washing_machine,2017-02-07 19:36:00,2017-02-07 20:40:00,65,0.612,0.5649,2.2401
H01,washing_machine,2017-02-09 19:20:00,2017-02-09 20:17:00,58,0.7534,0.7794,2.2826
H01,washing_machine,2017-02-10 14:24:00,2017-02-10 15:24:00,61,0.7387,0.7265,2.1802
H01,washing_machine,2017-02-17 17:01:00,2017-02-17 18:00:00,60,0.7649,0.7649,2.2244
H01,washing_machine,2017-02-20 08:12:00,2017-02-20 09:13:00,62,0.7686,0.7438,2.212
H01,washing_machine,2017-02-20 10:44:00,2017-02-20 13:12:00,149,0.7651,0.3081,2.2429
H01,washing_machine,2017-02-20 14:46:00,2017-02-20 15:45:00,60,0.7325,0.7325,2.3129
H01,washing_machine,2017-02-22 18:34:00,2017-02-22 19:36:00,63,0.7032,0.6697,2.1878
H01,washing_machine,2017-02-23 16:08:00,2017-02-23 17:08:00,61,0.7766,0.7639,2.2257
H01,washing_machine,2017-02-24 09:51:00,2017-02-24 10:49:00,59,0.6988,0.7106,2.2802
H01,washing_machine,2017-02-24 13:02:00,2017-02-24 14:03:00,62,0.7998,0.774,2.2781
H01,washing_machine,2017-02-27 14:11:00,2017-02-27 15:14:00,64,0.7421,0.6957,2.293
H01,washing_machine,2017-02-27 18:35:00,2017-02-27 20:46:00,132,1.3906,0.6321,2.258
H01,washing_machine,2017-03-01 17:00:00,2017-03-01 18:06:00,67,0.7655,0.6855,2.212
H01,washing_machine,2017-03-02 12:53:00,2017-03-02 14:03:00,71,0.7937,0.6707,2.2898
H01,washing_machine,2017-03-03 09:40:00,2017-03-03 10:37:00,58,0.7091,0.7336,2.2509
H01,washing_machine,2017-03-05 10:25:00,2017-03-05 11:27:00,63,0.7743,0.7374,2.2524
H01,washing_machine,2017-03-05 17:16:00,2017-03-05 18:14:00,59,0.7211,0.7333,2.1836
H01,washing_machine,2017-03-07 11:57:00,2017-03-07 13:00:00,64,0.5805,0.5443,2.2578
H01,washing_machine,2017-03-07 13:40:00,2017-03-07 14:38:00,59,0.7586,0.7715,2.2541
H01,washing_machine,2017-03-10 10:21:00,2017-03-10 11:27:00,67,0.7801,0.6986,2.2478
H01,washing_machine,2017-03-10 12:25:00,2017-03-10 13:38:00,74,0.8011,0.6496,2.2835
H01,washing_machine,2017-03-11 14:16:00,2017-03-11 15:19:00,64,0.4779,0.448,2.2468
H01,washing_machine,2017-03-12 10:07:00,2017-03-12 11:06:00,60,0.7559,0.7559,2.2016
H01,washing_machine,2017-03-12 11:28:00,2017-03-12 12:27:00,60,0.5142,0.5142,2.2331
H01,washing_machine,2017-03-12 12:46:00,2017-03-12 13:00:00,15,0.0108,0.0431,0.1301
H01,washing_machine,2017-03-15 07:51:00,2017-03-15 08:53:00,63,0.8012,0.7631,2.2997
H01,washing_machine,2017-03-16 18:33:00,2017-03-16 19:32:00,60,0.7833,0.7833,2.2616
H01,washing_machine,2017-03-19 10:37:00,2017-03-19 13:15:00,159,1.1083,0.4182,2.2601
H01,washing_machine,2017-03-21 07:20:00,2017-03-21 10:46:00,207,2.3042,0.6679,2.283
H01,washing_machine,2017-03-22 16:34:00,2017-03-22 17:36:00,63,0.7839,0.7466,2.2363
H01,washing_machine,2017-03-23 16:45:00,2017-03-23 17:47:00,63,0.7835,0.7462,2.2398
H01,washing_machine,2017-03-24 12:09:00,2017-03-24 12:53:00,45,0.399,0.532,2.188
H01,washing_machine,2017-03-26 18:01:00,2017-03-26 19:01:00,61,0.7564,0.744,2.1996
H01,washing_machine,2017-03-27 10:37:00,2017-03-27 11:44:00,68,0.6703,0.5914,2.236
H01,washing_machine,2017-03-28 12:51:00,2017-03-28 13:50:00,60,0.708,0.708,2.2907
H01,washing_machine,2017-03-28 17:32:00,2017-03-28 18:37:00,66,0.7024,0.6385,2.2383
H01,washing_machine,2017-04-01 09:58:00,2017-04-01 10:57:00,60,0.7228,0.7228,2.2928
H01,washing_machine,2017-04-01 15:16:00,2017-04-01 16:17:00,62,0.7652,0.7405,2.2586
H01,washing_machine,2017-04-02 08:36:00,2017-04-02 10:02:00,87,1.0158,0.7006,2.2054
H01,washing_machine,2017-04-03 10:19:00,2017-04-03 11:19:00,61,0.6638,0.6529,2.2397
H01,washing_machine,2017-04-05 08:55:00,2017-04-05 09:57:00,63,0.7866,0.7492,2.2732
H01,washing_machine,2017-04-05 13:12:00,2017-04-05 14:20:00,69,0.7887,0.6858,2.3078
H01,washing_machine,2017-04-07 07:38:00,2017-04-07 10:16:00,159,1.1996,0.4527,2.2764
H01,washing_machine,2017-04-09 10:56:00,2017-04-09 11:59:00,64,0.741,0.6947,2.2193
H01,washing_machine,2017-04-09 13:05:00,2017-04-09 14:04:00,60,0.6973,0.6973,2.2599
H01,washing_machine,2017-04-09 14:11:00,2017-04-09 15:34:00,84,0.4021,0.2872,2.2344
H01,washing_machine,2017-04-09 18:13:00,2017-04-09 19:19:00,67,0.6264,0.5609,2.2642
H01,washing_machine,2017-04-14 15:05:00,2017-04-14 16:06:00,62,0.6611,0.6398,2.2566
H01,washing_machine,2017-04-14 17:07:00,2017-04-14 18:08:00,62,0.7164,0.6933,2.265
H01,washing_machine,2017-04-16 06:06:00,2017-04-16 07:06:00,61,0.7722,0.7595,2.2308
H01,washing_machine,2017-04-17 17:28:00,2017-04-17 18:30:00,63,0.7151,0.6811,2.2172
H01,washing_machine,2017-04-18 10:08:00,2017-04-18 11:07:00,60,0.4539,0.4539,2.2369
H01,washing_machine,2017-04-19 13:38:00,2017-04-19 14:39:00,62,0.4268,0.4131,2.2804
H01,washing_machine,2017-04-19 17:26:00,2017-04-19 18:31:00,66,0.4869,0.4427,2.2597
H01,washing_machine,2017-04-20 11:44:00,2017-04-20 13:04:00,81,0.3376,0.2501,2.2098
H01,washing_machine,2017-04-20 14:59:00,2017-04-20 15:57:00,59,0.1858,0.1889,2.2516
H01,washing_machine,2017-04-21 12:59:00,2017-04-21 14:01:00,63,0.7165,0.6824,2.2645
H01,washing_machine,2017-04-23 13:03:00,2017-04-23 14:04:00,62,0.6715,0.6499,2.2524
H01,washing_machine,2017-04-24 09:25:00,2017-04-24 10:28:00,64,0.7081,0.6639,2.22
H01,washing_machine,2017-04-25 13:20:00,2017-04-25 14:24:00,65,0.5578,0.5149,2.3232
H01,washing_machine,2017-04-25 14:58:00,2017-04-25 15:11:00,14,0.0076,0.0326,0.0936
H01,washing_machine,2017-04-26 17:09:00,2017-04-26 17:35:00,27,0.5011,1.1135,2.2024
H01,dishwasher,2012-11-09 23:38:00,2012-11-10 01:20:00,103,1.241,0.7229,2.3864
H01,dishwasher,2012-11-12 09:23:00,2012-11-12 11:06:00,104,1.2244,0.7064,2.3808
H01,dishwasher,2012-11-14 22:03:00,2012-11-14 23:44:00,102,1.1785,0.6932,2.4131
H01,dishwasher,2012-11-21 09:20:00,2012-11-21 11:02:00,103,1.1643,0.6782,2.3698
H01,dishwasher,2012-11-28 23:08:00,2012-11-29 00:49:00,102,1.2158,0.7152,2.3796
H01,dishwasher,2012-11-30 13:52:00,2012-11-30 15:35:00,104,1.2196,0.7036,2.3963
H01,dishwasher,2012-12-12 22:03:00,2012-12-12 23:46:00,104,1.2523,0.7225,2.3393
H01,dishwasher,2012-12-15 20:46:00,2012-12-15 22:27:00,102,1.245,0.7324,2.4023
H01,dishwasher,2012-12-24 00:19:00,2012-12-24 02:02:00,104,1.2403,0.7155,2.3518
H01,dishwasher,2012-12-25 22:28:00,2012-12-26 00:09:00,102,1.24,0.7294,2.3746
H01,dishwasher,2012-12-26 17:40:00,2012-12-26 19:20:00,101,1.1704,0.6953,2.3648
H01,dishwasher,2013-01-01 00:36:00,2013-01-01 02:19:00,104,1.2286,0.7088,2.4043
H01,dishwasher,2013-01-03 13:24:00,2013-01-03 15:07:00,104,1.2523,0.7225,2.3838
H01,dishwasher,2013-01-05 23:04:00,2013-01-06 00:46:00,103,1.2503,0.7283,2.3804
H01,dishwasher,2013-01-08 22:08:00,2013-01-08 23:49:00,102,1.2413,0.7302,2.3562
H01,dishwasher,2013-01-17 22:08:00,2013-01-17 23:51:00,104,1.3113,0.7565,2.374
H01,dishwasher,2013-01-21 22:30:00,2013-01-22 00:17:00,108,1.3614,0.7563,2.3871
H01,dishwasher,2013-01-24 22:07:00,2013-01-24 23:52:00,106,1.3624,0.7712,2.4672
H01,dishwasher,2013-01-26 13:12:00,2013-01-26 14:56:00,105,1.3066,0.7466,2.3136
H01,dishwasher,2013-01-29 09:11:00,2013-01-29 10:51:00,101,1.2872,0.7647,2.3764
H01,dishwasher,2013-02-02 21:23:00,2013-02-02 23:06:00,104,1.2712,0.7334,2.389
H01,dishwasher,2013-02-05 22:37:00,2013-02-06 00:21:00,105,1.3217,0.7553,2.3968
H01,dishwasher,2013-02-11 08:17:00,2013-02-11 10:02:00,106,1.3042,0.7383,2.4009
H01,dishwasher,2013-02-17 09:44:00,2013-02-17 11:28:00,105,1.2891,0.7366,2.3402
H01,dishwasher,2013-02-18 21:14:00,2013-02-18 22:55:00,102,1.2435,0.7315,2.3938
H01,dishwasher,2013-02-21 20:38:00,2013-02-21 22:20:00,103,1.3226,0.7705,2.3969
H01,dishwasher,2013-02-24 13:10:00,2013-02-24 14:55:00,106,1.3273,0.7513,2.3666
H01,dishwasher,2013-02-27 17:44:00,2013-02-27 19:30:00,107,1.3198,0.7401,2.405
H01,dishwasher,2013-03-02 23:20:00,2013-03-03 01:03:00,104,1.3208,0.762,2.3844
H01,dishwasher,2013-03-06 08:49:00,2013-03-06 10:31:00,103,1.2577,0.7327,2.3968
H01,dishwasher,2013-03-09 21:47:00,2013-03-09 23:32:00,106,1.2747,0.7216,2.3552
H01,dishwasher,2013-03-13 22:44:00,2013-03-14 00:28:00,105,1.3251,0.7572,2.4156
H01,dishwasher,2013-03-16 21:05:00,2013-03-16 22:47:00,103,1.2623,0.7353,2.3803
H01,dishwasher,2013-03-19 08:32:00,2013-03-19 10:11:00,100,1.1956,0.7173,2.4003
H01,dishwasher,2013-03-21 21:56:00,2013-03-21 23:38:00,103,1.2481,0.7271,2.4119
H01,dishwasher,2013-03-24 22:44:00,2013-03-25 00:28:00,105,1.3073,0.747,2.4079
H01,dishwasher,2013-03-26 22:25:00,2013-03-27 00:07:00,103,1.2556,0.7314,2.3986
H01,dishwasher,2013-04-02 08:01:00,2013-04-02 09:45:00,105,1.3473,0.7699,2.4178
H01,dishwasher,2013-04-03 21:09:00,2013-04-03 22:54:00,106,1.2984,0.7349,2.3497
H01,dishwasher,2013-04-05 21:30:00,2013-04-05 23:15:00,106,1.3347,0.7555,2.4004
H01,dishwasher,2013-04-08 13:29:00,2013-04-08 15:11:00,103,1.2928,0.7531,2.4091
H01,dishwasher,2013-04-10 21:55:00,2013-04-10 23:38:00,104,1.2627,0.7285,2.3851
H01,dishwasher,2013-04-13 21:43:00,2013-04-13 23:23:00,101,1.2033,0.7148,2.4978
H01,dishwasher,2013-04-16 21:26:00,2013-04-16 23:06:00,101,1.1753,0.6982,2.385
H01,dishwasher,2013-04-19 22:43:00,2013-04-20 00:23:00,101,1.2126,0.7203,2.3906
H01,dishwasher,2013-04-22 21:31:00,2013-04-22 23:13:00,103,1.2493,0.7277,2.5508
H01,dishwasher,2013-04-26 07:06:00,2013-04-26 08:48:00,103,1.173,0.6833,2.398
H01,dishwasher,2013-04-28 21:16:00,2013-04-28 22:57:00,102,1.1677,0.6869,2.3643
H01,dishwasher,2013-05-01 21:38:00,2013-05-01 23:17:00,100,1.1794,0.7076,2.3846
H01,dishwasher,2013-05-04 21:41:00,2013-05-04 23:19:00,99,1.1225,0.6803,2.4058
H01,dishwasher,2013-05-10 19:38:00,2013-05-10 21:19:00,102,1.1673,0.6867,2.3587
H01,dishwasher,2013-05-14 21:22:00,2013-05-14 23:02:00,101,1.1712,0.6957,2.403
H01,dishwasher,2013-05-18 08:56:00,2013-05-18 10:22:00,87,1.0711,0.7387,2.3622
H01,dishwasher,2013-05-20 21:51:00,2013-05-20 23:30:00,100,1.1413,0.6848,2.411
H01,dishwasher,2013-05-22 21:30:00,2013-05-22 23:11:00,102,1.051,0.6182,2.4321
H01,dishwasher,2013-06-05 13:08:00,2013-06-05 14:48:00,101,1.1266,0.6693,2.4111
H01,dishwasher,2013-06-07 21:53:00,2013-06-07 23:29:00,97,1.1116,0.6876,2.4171
H01,dishwasher,2013-06-10 21:36:00,2013-06-10 23:13:00,98,1.1277,0.6904,2.3523
H01,dishwasher,2013-06-13 21:18:00,2013-06-13 22:58:00,101,1.0805,0.6419,2.3916
H01,dishwasher,2013-06-19 19:26:00,2013-06-19 21:06:00,101,1.1084,0.6585,2.3627
H01,dishwasher,2013-06-23 20:19:00,2013-06-23 21:57:00,99,1.0586,0.6416,2.4005
H01,dishwasher,2013-06-28 08:08:00,2013-06-28 09:45:00,98,1.054,0.6453,2.4253
H01,dishwasher,2013-07-01 21:35:00,2013-07-01 23:14:00,100,1.0145,0.6087,2.4008
H01,dishwasher,2013-07-03 06:42:00,2013-07-03 06:53:00,12,0.0188,0.0939,0.1238
H01,dishwasher,2013-07-03 21:54:00,2013-07-03 23:31:00,98,1.0473,0.6412,2.3779
H01,dishwasher,2013-07-05 22:29:00,2013-07-06 00:06:00,98,1.0413,0.6375,2.3611
H01,dishwasher,2013-07-08 17:19:00,2013-07-08 18:57:00,99,0.9611,0.5825,2.3721
H01,dishwasher,2013-07-14 12:15:00,2013-07-14 13:51:00,97,0.9861,0.6099,2.3616
H01,dishwasher,2013-07-16 07:27:00,2013-07-16 09:04:00,98,0.9423,0.5769,2.3546
H01,dishwasher,2013-07-17 22:21:00,2013-07-17 23:57:00,97,0.9117,0.5639,2.4744
H01,dishwasher,2013-07-29 22:35:00,2013-07-30 00:10:00,96,1.0049,0.6281,2.4439
H01,dishwasher,2013-07-31 21:31:00,2013-07-31 23:08:00,98,1.0059,0.6159,2.383
H01,dishwasher,2013-08-03 21:43:00,2013-08-03 23:21:00,99,0.9992,0.6056,2.3814
H01,dishwasher,2013-08-07 08:00:00,2013-08-07 09:37:00,98,0.9899,0.6061,2.3971
H01,dishwasher,2013-08-09 14:57:00,2013-08-09 16:32:00,96,0.9601,0.6001,2.4181
H01,dishwasher,2013-08-11 21:23:00,2013-08-11 23:02:00,100,0.9966,0.598,2.3854
H01,dishwasher,2013-08-15 21:20:00,2013-08-15 22:58:00,99,1.0256,0.6216,2.4087
H01,dishwasher,2013-08-18 20:05:00,2013-08-18 21:42:00,98,1.0158,0.6219,2.4081
H01,dishwasher,2013-08-20 21:59:00,2013-08-20 23:35:00,97,1.006,0.6223,2.3999
H01,dishwasher,2013-08-23 09:03:00,2013-08-23 10:42:00,100,0.9826,0.5895,2.3814
H01,dishwasher,2013-08-26 07:59:00,2013-08-26 09:38:00,100,0.9874,0.5924,2.4058
H01,dishwasher,2013-08-27 09:16:00,2013-08-27 10:52:00,97,0.9897,0.6122,2.3866
H01,dishwasher,2013-08-29 20:33:00,2013-08-29 22:10:00,98,1.0131,0.6202,2.3688
H01,dishwasher,2013-09-01 21:09:00,2013-09-01 22:48:00,100,1.0444,0.6267,2.3518
H01,dishwasher,2013-09-04 21:35:00,2013-09-04 23:13:00,99,1.0109,0.6126,2.3712
H01,dishwasher,2013-09-07 08:47:00,2013-09-07 10:22:00,96,1.0002,0.6252,2.4182
H01,dishwasher,2013-09-10 21:02:00,2013-09-10 22:40:00,99,1.0652,0.6456,2.4056
H01,dishwasher,2013-09-11 05:13:00,2013-09-11 06:53:00,101,1.0357,0.6153,2.4258
H01,dishwasher,2013-09-15 07:38:00,2013-09-15 09:17:00,100,1.0556,0.6334,2.4834
H01,dishwasher,2013-09-17 18:59:00,2013-09-17 20:36:00,98,1.1144,0.6823,2.325
H01,dishwasher,2013-09-20 22:03:00,2013-09-20 23:41:00,99,1.0974,0.6651,2.3529
H01,dishwasher,2013-09-22 20:34:00,2013-09-22 22:14:00,101,1.0784,0.6406,2.4052
H01,dishwasher,2013-09-23 07:14:00,2013-09-23 08:53:00,100,1.0512,0.6308,2.3919
H01,dishwasher,2013-09-26 21:46:00,2013-09-26 23:23:00,98,1.0797,0.661,2.3786
H01,dishwasher,2013-09-29 10:32:00,2013-09-29 12:11:00,100,1.0914,0.6548,2.3382
H01,dishwasher,2013-10-02 07:33:00,2013-10-02 09:13:00,101,1.0608,0.6302,2.4223
H01,dishwasher,2013-10-04 21:07:00,2013-10-04 22:46:00,100,1.0469,0.6281,2.3625
H01,dishwasher,2013-10-07 19:14:00,2013-10-07 20:52:00,99,1.0781,0.6534,2.3279
H01,dishwasher,2013-10-10 21:10:00,2013-10-10 22:49:00,100,1.1126,0.6676,2.3995
H01,dishwasher,2013-10-13 21:33:00,2013-10-13 23:14:00,102,1.1426,0.6721,2.4126
H01,dishwasher,2013-10-16 20:37:00,2013-10-16 22:16:00,100,1.1101,0.6661,2.3702
H01,dishwasher,2013-10-19 13:04:00,2013-10-19 14:43:00,100,1.1437,0.6862,2.351
H01,dishwasher,2013-10-23 08:45:00,2013-10-23 10:24:00,100,1.1038,0.6623,2.4179
H01,dishwasher,2013-10-26 09:05:00,2013-10-26 10:46:00,102,1.1369,0.6688,2.3631
H01,dishwasher,2013-10-29 09:09:00,2013-10-29 10:49:00,101,1.1373,0.6756,2.408
H01,dishwasher,2013-11-04 10:30:00,2013-11-04 12:10:00,101,1.1505,0.6835,2.3798
H01,dishwasher,2013-11-07 22:14:00,2013-11-07 23:54:00,101,1.1759,0.6986,2.3834
H01,dishwasher,2013-11-11 20:32:00,2013-11-11 22:15:00,104,1.1834,0.6827,2.3952
H01,dishwasher,2013-11-16 13:42:00,2013-11-16 15:25:00,104,1.2565,0.7249,2.3326
H01,dishwasher,2013-11-18 22:39:00,2013-11-19 00:19:00,101,1.2322,0.732,2.4835
H01,dishwasher,2013-11-22 13:11:00,2013-11-22 14:54:00,104,1.2788,0.7378,2.3941
H01,dishwasher,2013-11-23 19:05:00,2013-11-23 20:49:00,105,1.2509,0.7148,2.3703
H01,dishwasher,2013-11-24 10:28:00,2013-11-24 12:09:00,102,1.1914,0.7008,2.3711
H01,dishwasher,2013-11-25 22:41:00,2013-11-26 00:21:00,101,1.2427,0.7382,2.4138
H01,dishwasher,2013-11-28 13:52:00,2013-11-28 15:32:00,101,1.1944,0.7095,2.4697
H01,dishwasher,2013-11-29 22:06:00,2013-11-29 23:49:00,104,1.211,0.6987,2.3968
H01,dishwasher,2013-12-02 09:32:00,2013-12-02 11:15:00,104,1.2509,0.7217,2.4134
H01,dishwasher,2013-12-05 22:25:00,2013-12-06 00:07:00,103,1.2909,0.752,2.3847
H01,dishwasher,2013-12-08 10:57:00,2013-12-08 12:41:00,105,1.2595,0.7197,2.3866
H01,dishwasher,2013-12-11 22:36:00,2013-12-12 00:23:00,108,1.344,0.7467,2.4093
H01,dishwasher,2013-12-14 22:58:00,2013-12-15 00:41:00,104,1.2469,0.7194,2.3901
H01,dishwasher,2013-12-17 22:16:00,2013-12-17 23:58:00,103,1.2629,0.7357,2.411
H01,dishwasher,2013-12-20 22:10:00,2013-12-20 23:50:00,101,1.1957,0.7103,2.4111
H01,dishwasher,2013-12-31 10:12:00,2013-12-31 11:57:00,106,1.2871,0.7286,2.444
H01,dishwasher,2014-01-01 01:31:00,2014-01-01 03:14:00,104,1.2937,0.7464,2.4401
H01,dishwasher,2014-01-02 23:09:00,2014-01-03 00:50:00,102,1.2353,0.7267,2.4969
H01,dishwasher,2014-01-05 21:43:00,2014-01-05 23:22:00,100,1.2093,0.7256,2.3527
H01,dishwasher,2014-01-08 23:49:00,2014-01-09 01:18:00,90,1.0909,0.7273,2.3684
H01,dishwasher,2014-01-11 12:57:00,2014-01-11 14:40:00,104,1.2616,0.7278,2.3904
H01,dishwasher,2014-01-17 22:40:00,2014-01-18 00:22:00,103,1.2566,0.732,2.407
H01,dishwasher,2014-01-21 22:16:00,2014-01-21 23:59:00,104,1.2812,0.7391,2.3921
H01,dishwasher,2014-01-30 21:12:00,2014-01-30 21:22:00,11,0.0182,0.0995,0.1222
H01,dishwasher,2014-01-31 22:46:00,2014-02-01 00:30:00,105,1.2824,0.7328,2.3761
H01,dishwasher,2014-02-03 21:13:00,2014-02-03 22:57:00,105,1.3011,0.7435,2.4223
H01,dishwasher,2014-02-05 22:19:00,2014-02-06 00:00:00,102,1.2286,0.7227,2.42
H01,dishwasher,2014-02-08 09:10:00,2014-02-08 10:50:00,101,1.2328,0.7323,2.4027
H01,dishwasher,2014-02-10 09:51:00,2014-02-10 11:34:00,104,1.2338,0.7118,2.4016
H01,dishwasher,2014-02-12 08:39:00,2014-02-12 10:23:00,105,1.302,0.744,2.4886
H01,dishwasher,2014-02-14 12:58:00,2014-02-14 14:39:00,102,1.2315,0.7244,2.397
H01,dishwasher,2014-02-16 23:06:00,2014-02-17 00:48:00,103,1.2779,0.7444,2.4358
H01,dishwasher,2014-02-21 22:33:00,2014-02-22 00:18:00,106,1.3233,0.749,2.4262
H01,dishwasher,2014-02-23 21:16:00,2014-02-23 22:59:00,104,1.2381,0.7143,2.3932
H01,dishwasher,2014-02-26 14:28:00,2014-02-26 16:09:00,102,1.2263,0.7214,2.388
H01,dishwasher,2014-03-01 20:15:00,2014-03-01 21:58:00,104,1.3016,0.7509,2.3927
H01,dishwasher,2014-03-05 08:34:00,2014-03-05 10:22:00,109,1.3261,0.7299,2.3821
H01,dishwasher,2014-03-08 21:57:00,2014-03-08 23:40:00,104,1.2427,0.717,2.3731
H01,dishwasher,2014-03-12 22:37:00,2014-03-13 00:19:00,103,1.2773,0.744,2.4116
H01,dishwasher,2014-03-16 17:28:00,2014-03-16 19:10:00,103,1.2529,0.7298,2.3407
H01,dishwasher,2014-03-19 23:11:00,2014-03-20 00:53:00,103,1.1941,0.6956,2.4093
H01,dishwasher,2014-03-22 22:05:00,2014-03-22 23:47:00,103,1.2342,0.719,2.349
H01,dishwasher,2014-03-25 16:56:00,2014-03-25 18:37:00,102,1.2331,0.7253,2.4307
H01,dishwasher,2014-03-27 15:20:00,2014-03-27 17:02:00,103,1.2806,0.746,2.4226
H01,dishwasher,2014-03-29 21:58:00,2014-03-29 23:41:00,104,1.2149,0.7009,2.3572
H01,dishwasher,2014-03-30 17:27:00,2014-03-30 19:10:00,104,1.2393,0.715,2.3546
H01,dishwasher,2014-04-01 21:55:00,2014-04-01 23:36:00,102,1.2185,0.7168,2.4194
H01,dishwasher,2014-04-02 11:38:00,2014-04-02 13:19:00,102,1.2188,0.7169,2.4393
H01,dishwasher,2014-04-03 21:04:00,2014-04-03 22:45:00,102,1.1737,0.6904,2.3545
H01,dishwasher,2014-04-05 21:48:00,2014-04-05 23:30:00,103,1.1941,0.6956,2.3692
H01,dishwasher,2014-04-08 21:21:00,2014-04-08 23:01:00,101,1.1949,0.7098,2.3554
H01,dishwasher,2014-04-11 19:34:00,2014-04-11 19:44:00,11,0.0169,0.0921,0.1206
H01,dishwasher,2014-04-14 23:25:00,2014-04-15 01:21:00,117,1.2729,0.6528,2.3754
H01,dishwasher,2014-04-17 08:51:00,2014-04-17 10:31:00,101,1.1449,0.6801,2.4104
H01,dishwasher,2014-04-19 21:06:00,2014-04-19 22:46:00,101,1.2328,0.7324,2.4044
H01,dishwasher,2014-04-22 21:01:00,2014-04-22 22:41:00,101,1.1669,0.6932,2.3565
H01,dishwasher,2014-04-24 14:42:00,2014-04-24 16:24:00,103,1.1808,0.6878,2.3959
H01,dishwasher,2014-04-27 09:45:00,2014-04-27 11:25:00,101,1.1835,0.7031,2.4498
H01,dishwasher,2014-04-29 21:37:00,2014-04-29 23:16:00,100,1.1823,0.7094,2.3964
H01,dishwasher,2014-05-02 21:35:00,2014-05-02 23:14:00,100,1.1717,0.703,2.401
H01,dishwasher,2014-05-04 21:52:00,2014-05-04 23:33:00,102,1.1791,0.6936,2.4037
H01,dishwasher,2014-05-07 20:33:00,2014-05-07 22:14:00,102,1.1755,0.6915,2.3834
H01,dishwasher,2014-05-10 08:59:00,2014-05-10 10:37:00,99,1.1259,0.6824,2.4034
H01,dishwasher,2014-05-11 21:20:00,2014-05-11 22:59:00,100,1.126,0.6756,2.3965
H01,dishwasher,2014-05-14 08:37:00,2014-05-14 10:19:00,103,1.1619,0.6769,2.4382
H01,dishwasher,2014-05-17 21:48:00,2014-05-17 23:27:00,100,1.0971,0.6583,2.3716
H01,dishwasher,2014-05-21 08:21:00,2014-05-21 10:01:00,101,1.0975,0.652,2.3844
H01,dishwasher,2014-05-24 07:59:00,2014-05-24 09:38:00,100,1.1427,0.6856,2.4381
H01,dishwasher,2014-06-02 09:52:00,2014-06-02 11:32:00,101,1.0906,0.6479,2.3412
H01,dishwasher,2014-06-05 22:32:00,2014-06-06 00:11:00,100,1.098,0.6588,2.3737
H01,dishwasher,2014-06-09 12:17:00,2014-06-09 13:54:00,98,1.0192,0.624,2.3496
H01,dishwasher,2014-06-10 21:17:00,2014-06-10 22:53:00,97,1.0276,0.6356,2.3847
H01,dishwasher,2014-06-17 12:19:00,2014-06-17 13:58:00,100,1.0491,0.6294,2.3831
H01,dishwasher,2014-06-20 07:54:00,2014-06-20 09:32:00,99,1.0522,0.6377,2.3579
H01,dishwasher,2014-06-23 12:16:00,2014-06-23 13:51:00,96,1.0264,0.6415,2.3921
H01,dishwasher,2014-06-25 13:58:00,2014-06-25 15:35:00,98,1.0016,0.6133,2.3655
H01,dishwasher,2014-06-27 12:08:00,2014-06-27 13:47:00,100,1.0272,0.6163,2.404
H01,dishwasher,2014-06-30 08:53:00,2014-06-30 10:31:00,99,1.0341,0.6267,2.3471
H01,dishwasher,2014-07-02 18:20:00,2014-07-02 18:30:00,11,0.0184,0.1004,0.1369
H01,dishwasher,2014-07-07 08:31:00,2014-07-07 10:08:00,98,1.0507,0.6433,2.3736
H01,dishwasher,2014-07-08 20:52:00,2014-07-08 22:29:00,98,1.0172,0.6228,2.4344
H01,dishwasher,2014-07-11 22:21:00,2014-07-11 23:47:00,87,0.9644,0.6651,2.361
H01,dishwasher,2014-07-14 11:39:00,2014-07-14 13:17:00,99,1.0322,0.6256,2.4221
H01,dishwasher,2014-07-16 18:49:00,2014-07-16 20:26:00,98,0.9886,0.6052,2.3737
H01,dishwasher,2014-07-19 22:14:00,2014-07-19 23:51:00,98,0.9656,0.5912,2.4721
H01,dishwasher,2014-07-22 20:54:00,2014-07-22 22:32:00,99,0.9606,0.5822,2.3471
H01,dishwasher,2014-07-24 13:46:00,2014-07-24 15:23:00,98,0.9274,0.5678,2.3942
H01,dishwasher,2014-07-27 10:19:00,2014-07-27 11:53:00,95,0.9409,0.5942,2.3706
H01,dishwasher,2014-08-01 10:03:00,2014-08-01 11:39:00,97,0.9846,0.609,2.3361
H01,dishwasher,2014-08-11 21:15:00,2014-08-11 22:54:00,100,0.9942,0.5965,2.3932
H01,dishwasher,2014-08-13 22:15:00,2014-08-13 23:52:00,98,1.0041,0.6148,2.4239
H01,dishwasher,2014-08-16 17:05:00,2014-08-16 18:29:00,85,0.9341,0.6594,2.3929
H01,dishwasher,2014-08-18 22:00:00,2014-08-18 23:37:00,98,1.009,0.6177,2.3892
H01,dishwasher,2014-08-25 07:34:00,2014-08-25 09:13:00,100,1.053,0.6318,2.3921
H01,dishwasher,2014-08-25 21:27:00,2014-08-25 23:06:00,100,1.0576,0.6346,2.4041
H01,dishwasher,2014-08-29 21:05:00,2014-08-29 22:42:00,98,1.0282,0.6295,2.3994
H01,dishwasher,2014-09-02 12:33:00,2014-09-02 14:10:00,98,1.079,0.6606,2.3894
H01,dishwasher,2014-09-06 08:19:00,2014-09-06 09:57:00,99,1.056,0.64,2.3913
H01,dishwasher,2014-09-08 21:30:00,2014-09-08 23:08:00,99,1.0329,0.626,2.3623
H01,dishwasher,2014-09-11 22:05:00,2014-09-11 23:42:00,98,1.0776,0.6598,2.398
H01,dishwasher,2014-09-14 18:49:00,2014-09-14 20:26:00,98,1.0421,0.638,2.4131
H01,dishwasher,2014-09-17 21:28:00,2014-09-17 23:08:00,101,1.0668,0.6337,2.3948
H01,dishwasher,2014-09-21 09:11:00,2014-09-21 10:49:00,99,1.0434,0.6324,2.3349
H01,dishwasher,2014-09-24 20:54:00,2014-09-24 22:32:00,99,1.0806,0.6549,2.3793
H01,dishwasher,2014-09-28 09:36:00,2014-09-28 11:13:00,98,1.0366,0.6346,2.3467
H01,dishwasher,2014-09-30 19:14:00,2014-09-30 20:53:00,100,1.0669,0.6401,2.3744
H01,dishwasher,2014-10-02 20:52:00,2014-10-02 22:29:00,98,1.0276,0.6292,2.3963
H01,dishwasher,2014-10-03 21:26:00,2014-10-03 23:03:00,98,1.0641,0.6515,2.4022
H01,dishwasher,2014-10-05 00:47:00,2014-10-05 02:25:00,99,1.0825,0.656,2.4163
H01,dishwasher,2014-10-05 03:13:00,2014-10-05 04:53:00,101,0.9686,0.5754,2.4172
H01,dishwasher,2014-10-06 20:55:00,2014-10-06 22:33:00,99,1.0727,0.6501,2.3716
H01,dishwasher,2014-10-08 22:04:00,2014-10-08 23:42:00,99,1.0808,0.655,2.3752
H01,dishwasher,2014-10-11 07:58:00,2014-10-11 09:36:00,99,1.0813,0.6554,2.4164
H01,dishwasher,2014-10-12 19:49:00,2014-10-12 21:28:00,100,1.0831,0.6499,2.3464
H01,dishwasher,2014-10-15 21:26:00,2014-10-15 23:05:00,100,1.0989,0.6593,2.3899
H01,dishwasher,2014-10-18 21:05:00,2014-10-18 22:41:00,97,1.0674,0.6603,2.3738
H01,dishwasher,2014-10-22 08:27:00,2014-10-22 10:05:00,99,1.0858,0.6581,2.365
H01,dishwasher,2014-10-25 21:07:00,2014-10-25 22:48:00,102,1.1273,0.6631,2.3943
H01,dishwasher,2014-10-28 21:53:00,2014-10-28 23:32:00,100,1.0908,0.6545,2.3788
H01,dishwasher,2014-11-04 08:03:00,2014-11-04 09:42:00,100,1.1614,0.6968,2.3797
H01,dishwasher,2014-11-07 10:18:00,2014-11-07 11:55:00,98,1.1149,0.6826,2.4151
H01,dishwasher,2014-11-09 21:33:00,2014-11-09 23:14:00,102,1.1195,0.6585,2.3668
H01,dishwasher,2014-11-13 22:31:00,2014-11-14 00:10:00,100,1.1081,0.6649,2.4138
H01,dishwasher,2014-11-16 21:39:00,2014-11-16 23:18:00,100,1.176,0.7056,2.3649
H01,dishwasher,2014-11-18 22:14:00,2014-11-18 23:52:00,99,1.1516,0.6979,2.3987
H01,dishwasher,2014-11-20 23:12:00,2014-11-21 00:52:00,101,1.1223,0.6667,2.3737
H01,dishwasher,2014-11-23 10:29:00,2014-11-23 12:10:00,102,1.1627,0.684,2.3893
H01,dishwasher,2014-11-26 07:56:00,2014-11-26 09:38:00,103,1.2298,0.7164,2.381
H01,dishwasher,2014-11-28 13:23:00,2014-11-28 15:02:00,100,1.163,0.6978,2.4112
H01,dishwasher,2014-12-01 00:46:00,2014-12-01 02:27:00,102,1.1687,0.6875,2.3978
H01,dishwasher,2014-12-03 22:23:00,2014-12-04 00:05:00,103,1.2318,0.7176,2.4168
H01,dishwasher,2014-12-05 22:17:00,2014-12-05 23:57:00,101,1.1829,0.7027,2.3734
H01,dishwasher,2014-12-07 22:22:00,2014-12-08 00:03:00,102,1.1999,0.7058,2.3564
H01,dishwasher,2014-12-10 23:05:00,2014-12-11 00:46:00,102,1.1946,0.7027,2.3758
H01,dishwasher,2014-12-13 22:56:00,2014-12-14 00:39:00,104,1.2328,0.7112,2.4114
H01,dishwasher,2014-12-16 22:14:00,2014-12-16 23:56:00,103,1.2707,0.7402,2.3582
H01,dishwasher,2014-12-19 10:23:00,2014-12-19 12:03:00,101,1.1835,0.7031,2.3525
H01,dishwasher,2014-12-21 16:23:00,2014-12-21 18:05:00,103,1.2307,0.7169,2.3656
H01,dishwasher,2014-12-22 23:22:00,2014-12-23 01:02:00,101,1.162,0.6903,2.4011
H01,dishwasher,2014-12-24 21:53:00,2014-12-24 23:31:00,99,1.1376,0.6895,2.4138
H01,dishwasher,2015-01-05 22:49:00,2015-01-06 00:30:00,102,1.243,0.7312,2.3876
H01,dishwasher,2015-01-08 08:18:00,2015-01-08 10:00:00,103,1.23,0.7165,2.4391
H01,dishwasher,2015-01-11 21:48:00,2015-01-11 23:29:00,102,1.2223,0.719,2.3998
H01,dishwasher,2015-01-14 22:00:00,2015-01-14 23:42:00,103,1.2752,0.7428,2.3928
H01,dishwasher,2015-01-17 12:50:00,2015-01-17 14:32:00,103,1.258,0.7328,2.3771
H01,dishwasher,2015-01-20 22:25:00,2015-01-21 00:09:00,105,1.2633,0.7219,2.4149
H01,dishwasher,2015-01-24 18:27:00,2015-01-24 20:02:00,96,1.8991,1.1869,2.4208
H01,dishwasher,2015-01-28 08:33:00,2015-01-28 10:14:00,102,1.2546,0.738,2.4121
H01,dishwasher,2015-01-30 22:38:00,2015-01-31 00:07:00,90,1.7484,1.1656,2.4672
H01,dishwasher,2015-02-02 22:36:00,2015-02-03 00:07:00,92,1.7797,1.1607,2.3907
H01,dishwasher,2015-02-06 22:29:00,2015-02-07 00:00:00,92,1.8158,1.1842,2.36
H01,dishwasher,2015-02-10 08:11:00,2015-02-10 09:41:00,91,1.795,1.1835,2.3974
H01,dishwasher,2015-02-12 23:09:00,2015-02-13 00:39:00,91,1.8033,1.189,2.3811
H01,dishwasher,2015-02-15 20:11:00,2015-02-15 21:42:00,92,1.7702,1.1545,2.3949
H01,dishwasher,2015-02-19 20:02:00,2015-02-19 21:32:00,91,1.7378,1.1458,2.3524
H01,dishwasher,2015-02-23 13:55:00,2015-02-23 15:23:00,89,1.7479,1.1784,2.4088
H01,dishwasher,2015-02-27 12:56:00,2015-02-27 14:25:00,90,1.7864,1.191,2.4484
H01,dishwasher,2015-03-01 22:12:00,2015-03-01 23:41:00,90,1.7096,1.1397,2.4156
H01,dishwasher,2015-03-05 12:42:00,2015-03-05 14:11:00,90,1.759,1.1727,2.3819
H01,dishwasher,2015-03-08 21:49:00,2015-03-08 23:18:00,90,1.7845,1.1897,2.3709
H01,dishwasher,2015-03-10 22:27:00,2015-03-10 23:55:00,89,1.7102,1.153,2.4113
H01,dishwasher,2015-03-12 23:00:00,2015-03-13 00:30:00,91,1.7364,1.1449,2.393
H01,dishwasher,2015-03-17 07:55:00,2015-03-17 09:23:00,89,1.7012,1.1469,2.4044
H01,dishwasher,2015-03-17 18:03:00,2015-03-17 19:30:00,88,1.6845,1.1485,2.3857
H01,dishwasher,2015-03-18 22:55:00,2015-03-19 00:24:00,90,1.8039,1.2026,2.3994
H01,dishwasher,2015-03-21 09:22:00,2015-03-21 10:54:00,93,1.755,1.1323,2.3742
H01,dishwasher,2015-03-22 21:51:00,2015-03-22 23:21:00,91,1.7633,1.1626,2.3833
H01,dishwasher,2015-03-24 22:03:00,2015-03-24 23:31:00,89,1.748,1.1784,2.398
H01,dishwasher,2015-03-26 22:37:00,2015-03-27 00:04:00,88,1.7046,1.1622,2.3796
H01,dishwasher,2015-03-28 13:07:00,2015-03-28 14:36:00,90,1.706,1.1373,2.4061
H01,dishwasher,2015-03-29 21:38:00,2015-03-29 23:07:00,90,1.7115,1.141,2.3763
H01,dishwasher,2015-03-31 21:35:00,2015-03-31 23:02:00,88,1.679,1.1448,2.4426
H01,dishwasher,2015-04-01 18:29:00,2015-04-01 19:56:00,88,1.6503,1.1252,2.3708
H01,dishwasher,2015-04-09 22:02:00,2015-04-09 23:31:00,90,1.7099,1.1399,2.4022
H01,dishwasher,2015-04-11 15:19:00,2015-04-11 16:48:00,90,1.7092,1.1395,2.394
H01,dishwasher,2015-04-13 07:17:00,2015-04-13 08:42:00,86,1.6361,1.1415,2.4019
H01,dishwasher,2015-04-15 07:06:00,2015-04-15 08:31:00,86,1.653,1.1532,2.4157
H01,dishwasher,2015-04-17 17:28:00,2015-04-17 18:57:00,90,1.7139,1.1426,2.3844
H01,dishwasher,2015-04-19 21:09:00,2015-04-19 22:37:00,89,1.6629,1.1211,2.3594
H01,dishwasher,2015-04-21 22:49:00,2015-04-22 00:15:00,87,1.6311,1.1249,2.385
H01,dishwasher,2015-04-23 20:36:00,2015-04-23 22:00:00,85,1.5848,1.1187,2.3939
H01,dishwasher,2015-04-26 23:34:00,2015-04-27 01:02:00,89,1.6266,1.0966,2.3714
H01,dishwasher,2015-04-29 20:41:00,2015-04-29 22:09:00,89,1.6606,1.1195,2.3841
H01,dishwasher,2015-04-30 21:00:00,2015-04-30 22:25:00,86,1.6305,1.1376,2.3848
H01,dishwasher,2015-05-02 21:24:00,2015-05-02 22:50:00,87,1.6804,1.1589,2.4151
H01,dishwasher,2015-05-03 21:04:00,2015-05-03 22:32:00,89,1.5978,1.0772,2.331
H01,dishwasher,2015-05-06 19:27:00,2015-05-06 20:54:00,88,1.6421,1.1196,2.3569
H01,dishwasher,2015-05-09 19:22:00,2015-05-09 20:48:00,87,1.5927,1.0984,2.3361
H01,dishwasher,2015-05-12 06:54:00,2015-05-12 08:18:00,85,1.57,1.1082,2.4349
H01,dishwasher,2015-05-15 09:23:00,2015-05-15 10:50:00,88,1.5966,1.0886,2.3669
H01,dishwasher,2015-05-16 21:08:00,2015-05-16 22:33:00,86,1.5828,1.1043,2.4442
H01,dishwasher,2015-05-19 22:01:00,2015-05-19 23:27:00,87,1.6475,1.1362,2.3739
H01,dishwasher,2015-05-20 21:45:00,2015-05-20 23:08:00,84,1.5325,1.0947,2.3998
H01,dishwasher,2015-05-22 22:52:00,2015-05-23 00:17:00,86,1.5425,1.0762,2.3884
H01,dishwasher,2015-06-02 22:09:00,2015-06-02 23:35:00,87,1.6028,1.1054,2.3879
H01,dishwasher,2015-06-04 21:01:00,2015-06-04 22:24:00,84,1.5633,1.1167,2.3878
H01,dishwasher,2015-06-07 17:43:00,2015-06-07 19:09:00,87,1.5981,1.1022,2.3991
H01,dishwasher,2015-06-09 21:28:00,2015-06-09 22:54:00,87,1.6017,1.1046,2.4234
H01,dishwasher,2015-06-13 12:26:00,2015-06-13 13:50:00,85,1.5406,1.0875,2.3829
H01,dishwasher,2015-06-14 21:40:00,2015-06-14 23:04:00,85,1.5531,1.0963,2.3773
H01,dishwasher,2015-06-17 08:20:00,2015-06-17 09:43:00,84,1.5333,1.0952,2.3598
H01,dishwasher,2015-06-18 22:05:00,2015-06-18 23:28:00,84,1.487,1.0622,2.437
H01,dishwasher,2015-06-19 19:01:00,2015-06-19 20:23:00,83,1.4748,1.0661,2.4322
H01,dishwasher,2015-06-21 21:34:00,2015-06-21 22:56:00,83,1.4897,1.0769,2.3877
H01,dishwasher,2015-06-22 21:34:00,2015-06-22 22:55:00,82,1.4451,1.0574,2.3519
H01,dishwasher,2015-06-24 21:34:00,2015-06-24 22:59:00,86,1.5424,1.0761,2.3831
H01,dishwasher,2015-06-27 23:29:00,2015-06-28 00:53:00,85,1.5114,1.0668,2.3876
H01,dishwasher,2015-06-29 21:23:00,2015-06-29 22:46:00,84,1.5071,1.0765,2.4
H01,dishwasher,2015-07-02 07:02:00,2015-07-02 08:22:00,81,1.4346,1.0627,2.339
H01,dishwasher,2015-07-05 08:25:00,2015-07-05 09:49:00,85,1.4908,1.0523,2.3527
H01,dishwasher,2015-07-06 21:18:00,2015-07-06 22:40:00,83,1.4714,1.0636,2.3764
H01,dishwasher,2015-07-08 21:47:00,2015-07-08 23:08:00,82,1.4494,1.0605,2.378
H01,dishwasher,2015-07-10 20:57:00,2015-07-10 22:20:00,84,1.496,1.0686,2.375
H01,dishwasher,2015-07-13 07:08:00,2015-07-13 08:31:00,84,1.4412,1.0294,2.4013
H01,dishwasher,2015-07-15 21:43:00,2015-07-15 23:06:00,84,1.4925,1.0661,2.4177
H01,dishwasher,2015-07-17 21:41:00,2015-07-17 23:03:00,83,1.4781,1.0685,2.3594
H01,dishwasher,2015-07-20 08:46:00,2015-07-20 10:06:00,81,1.4182,1.0505,2.3591
H01,dishwasher,2015-07-22 21:47:00,2015-07-22 23:09:00,83,1.4053,1.0159,2.4019
H01,dishwasher,2015-08-01 12:01:00,2015-08-01 13:23:00,83,1.4095,1.0189,2.3436
H01,dishwasher,2015-08-01 20:57:00,2015-08-01 22:17:00,81,1.4152,1.0483,2.4299
H01,dishwasher,2015-08-03 21:30:00,2015-08-03 22:50:00,81,1.4517,1.0753,2.3676
H01,dishwasher,2015-08-05 21:40:00,2015-08-05 23:04:00,85,1.4702,1.0378,2.3743
H01,dishwasher,2015-08-07 16:58:00,2015-08-07 18:22:00,85,1.5024,1.0605,2.3822
H01,dishwasher,2015-08-13 20:09:00,2015-08-13 21:32:00,84,1.535,1.0964,2.363
H01,dishwasher,2015-08-15 21:10:00,2015-08-15 22:34:00,85,1.5608,1.1018,2.3434
H01,dishwasher,2015-08-17 21:23:00,2015-08-17 22:49:00,87,1.5462,1.0664,2.4767
H01,dishwasher,2015-08-24 21:49:00,2015-08-24 23:10:00,82,1.4298,1.0462,2.3491
H01,dishwasher,2015-08-25 20:39:00,2015-08-25 22:01:00,83,1.4837,1.0725,2.3911
H01,dishwasher,2015-08-26 21:08:00,2015-08-26 22:31:00,84,1.47,1.05,2.3654
H01,dishwasher,2015-08-28 10:21:00,2015-08-28 11:43:00,83,1.4876,1.0754,2.3755
H01,dishwasher,2015-08-28 21:24:00,2015-08-28 22:42:00,79,1.3656,1.0371,2.3646
H01,dishwasher,2015-08-30 21:20:00,2015-08-30 22:41:00,82,1.4449,1.0572,2.3709
H01,dishwasher,2015-09-01 22:01:00,2015-09-01 23:25:00,85,1.4988,1.0579,2.396
H01,dishwasher,2015-09-02 23:05:00,2015-09-03 00:28:00,84,1.4801,1.0572,2.3995
H01,dishwasher,2015-09-05 21:38:00,2015-09-05 23:01:00,84,1.5589,1.1135,2.378
H01,dishwasher,2015-09-07 21:42:00,2015-09-07 23:06:00,85,1.5672,1.1062,2.4236
H01,dishwasher,2015-09-08 20:59:00,2015-09-08 22:23:00,85,1.4651,1.0342,2.4144
H01,dishwasher,2015-09-10 12:52:00,2015-09-10 14:16:00,85,1.5206,1.0734,2.403
H01,dishwasher,2015-09-12 08:17:00,2015-09-12 09:40:00,84,1.5123,1.0802,2.3992
H01,dishwasher,2015-09-14 07:16:00,2015-09-14 08:38:00,83,1.4697,1.0624,2.3591
H01,dishwasher,2015-09-15 11:29:00,2015-09-15 12:54:00,86,1.4865,1.0371,2.3842
H01,dishwasher,2015-09-17 07:18:00,2015-09-17 08:44:00,87,1.5789,1.0889,2.5681
H01,dishwasher,2015-09-18 22:10:00,2015-09-18 23:33:00,84,1.5579,1.1128,2.4381
H01,dishwasher,2015-09-19 22:39:00,2015-09-20 00:01:00,83,1.4838,1.0726,2.4173
H01,dishwasher,2015-09-20 20:47:00,2015-09-20 22:12:00,86,1.509,1.0528,2.3789
H01,dishwasher,2015-09-22 21:03:00,2015-09-22 22:30:00,88,1.6214,1.1055,2.384
H01,dishwasher,2015-09-25 06:54:00,2015-09-25 08:20:00,87,1.6387,1.1302,2.4001
H01,dishwasher,2015-09-25 20:47:00,2015-09-25 22:08:00,82,1.4823,1.0846,2.3868
H01,dishwasher,2015-09-27 08:51:00,2015-09-27 10:17:00,87,1.5789,1.0889,2.3992
H01,dishwasher,2015-09-28 20:38:00,2015-09-28 22:01:00,84,1.524,1.0886,2.4212
H01,dishwasher,2015-09-29 22:34:00,2015-09-29 23:56:00,83,1.5087,1.0906,2.3974
H01,dishwasher,2015-10-01 12:00:00,2015-10-01 13:23:00,84,1.5407,1.1005,2.4281
H01,dishwasher,2015-10-03 11:21:00,2015-10-03 12:46:00,86,1.613,1.1254,2.3876
H01,dishwasher,2015-10-04 20:50:00,2015-10-04 22:16:00,87,1.5722,1.0843,2.3701
H01,dishwasher,2015-10-05 21:55:00,2015-10-05 23:18:00,84,1.5233,1.0881,2.4084
H01,dishwasher,2015-10-07 22:05:00,2015-10-07 23:30:00,86,1.6284,1.1361,2.3926
H01,dishwasher,2015-10-09 16:23:00,2015-10-09 17:50:00,88,1.629,1.1106,2.4155
H01,dishwasher,2015-10-12 22:02:00,2015-10-12 23:26:00,85,1.5915,1.1234,2.3801
H01,dishwasher,2015-10-14 08:02:00,2015-10-14 09:25:00,84,1.5519,1.1085,2.4278
H01,dishwasher,2015-10-15 07:34:00,2015-10-15 08:56:00,83,1.5566,1.1252,2.4436
H01,dishwasher,2015-10-15 21:44:00,2015-10-15 23:12:00,89,1.6431,1.1077,2.5152
H01,dishwasher,2015-10-16 21:13:00,2015-10-16 22:38:00,86,1.5571,1.0864,2.486
H01,dishwasher,2015-10-17 20:34:00,2015-10-17 21:57:00,84,1.5363,1.0974,2.3727
H01,dishwasher,2015-10-19 21:30:00,2015-10-19 22:54:00,85,1.5815,1.1163,2.4136
H01,dishwasher,2015-10-21 11:29:00,2015-10-21 12:56:00,88,1.618,1.1032,2.426
H01,dishwasher,2015-10-22 20:58:00,2015-10-22 22:23:00,86,1.6173,1.1284,2.402
H01,dishwasher,2015-10-23 08:15:00,2015-10-23 09:39:00,85,1.5932,1.1246,2.3981
H01,dishwasher,2015-10-23 21:41:00,2015-10-23 23:03:00,83,1.4661,1.0598,2.3991
H01,dishwasher,2015-10-25 11:33:00,2015-10-25 12:59:00,87,1.5895,1.0962,2.4286
H01,dishwasher,2015-10-26 21:25:00,2015-10-26 22:50:00,86,1.5691,1.0947,2.3815
H01,dishwasher,2015-11-01 00:08:00,2015-11-01 01:33:00,86,1.6113,1.1242,2.4428
H01,dishwasher,2015-11-02 13:12:00,2015-11-02 14:38:00,87,1.623,1.1193,2.4173
H01,dishwasher,2015-11-04 22:18:00,2015-11-04 23:45:00,88,1.5962,1.0883,2.3851
H01,dishwasher,2015-11-05 21:56:00,2015-11-05 23:20:00,85,1.5203,1.0731,2.3524
H01,dishwasher,2015-11-07 18:53:00,2015-11-07 20:18:00,86,1.6178,1.1287,2.3559
H01,dishwasher,2015-11-09 12:51:00,2015-11-09 14:16:00,86,1.592,1.1107,2.3494
H01,dishwasher,2015-11-11 12:40:00,2015-11-11 14:08:00,89,1.6358,1.1028,2.3544
H01,dishwasher,2015-11-12 00:00:00,2015-11-12 01:23:00,84,1.5156,1.0826,2.4177
H01,dishwasher,2015-11-12 22:17:00,2015-11-12 23:41:00,85,1.582,1.1167,2.3611
H01,dishwasher,2015-11-14 23:09:00,2015-11-15 00:34:00,86,1.6114,1.1242,2.3746
H01,dishwasher,2015-11-16 22:56:00,2015-11-17 00:24:00,89,1.6387,1.1048,2.3606
H01,dishwasher,2015-11-17 11:52:00,2015-11-17 13:33:00,102,1.5853,0.9325,2.356
H01,dishwasher,2015-11-17 22:20:00,2015-11-17 23:57:00,98,1.03,0.6306,2.391
H01,dishwasher,2015-11-19 22:07:00,2015-11-19 23:45:00,99,1.1225,0.6803,2.3972
H01,dishwasher,2015-11-20 21:33:00,2015-11-20 23:14:00,102,1.1276,0.6633,2.4294
H01,dishwasher,2015-11-24 22:26:00,2015-11-24 23:56:00,91,1.7586,1.1595,2.4078
H01,dishwasher,2015-11-25 22:27:00,2015-11-25 23:51:00,85,1.6364,1.1551,2.4007
H01,dishwasher,2015-11-27 22:03:00,2015-11-27 23:31:00,89,1.7037,1.1486,2.3552
H01,dishwasher,2015-11-29 21:47:00,2015-11-29 23:15:00,89,1.6558,1.1162,2.3821
H01,dishwasher,2015-12-01 14:39:00,2015-12-01 16:06:00,88,1.6507,1.1255,2.3756
H01,dishwasher,2015-12-02 23:16:00,2015-12-03 00:42:00,87,1.6671,1.1497,2.3571
H01,dishwasher,2015-12-04 09:16:00,2015-12-04 10:40:00,85,1.585,1.1188,2.3732
H01,dishwasher,2015-12-08 07:32:00,2015-12-08 09:01:00,90,1.699,1.1326,2.4053
H01,dishwasher,2015-12-10 08:04:00,2015-12-10 09:31:00,88,1.7012,1.1599,2.3804
H01,dishwasher,2015-12-11 23:00:00,2015-12-12 00:26:00,87,1.7102,1.1795,2.444
H01,dishwasher,2015-12-13 10:40:00,2015-12-13 12:05:00,86,1.6463,1.1485,2.4058
H01,dishwasher,2015-12-14 21:44:00,2015-12-14 23:11:00,88,1.6241,1.1074,2.3713
H01,dishwasher,2015-12-16 22:45:00,2015-12-17 00:10:00,86,1.5777,1.1007,2.3681
H01,dishwasher,2015-12-18 22:05:00,2015-12-18 23:31:00,87,1.6525,1.1396,2.3546
H01,dishwasher,2015-12-19 05:55:00,2015-12-19 07:19:00,85,1.585,1.1188,2.3773
H01,dishwasher,2015-12-21 12:49:00,2015-12-21 14:16:00,88,1.5914,1.085,2.3556
H01,dishwasher,2015-12-22 22:33:00,2015-12-22 23:59:00,87,1.6143,1.1133,2.484
H01,dishwasher,2015-12-29 23:08:00,2015-12-30 00:32:00,85,1.624,1.1463,2.3972
H01,dishwasher,2015-12-30 08:46:00,2015-12-30 10:10:00,85,1.5734,1.1106,2.4111
H01,dishwasher,2015-12-31 23:16:00,2016-01-01 00:46:00,91,1.7014,1.1218,2.3657
H01,dishwasher,2016-01-03 15:11:00,2016-01-03 16:40:00,90,1.724,1.1493,2.4191
H01,dishwasher,2016-01-04 18:07:00,2016-01-04 19:33:00,87,1.6601,1.1449,2.3758
H01,dishwasher,2016-01-06 12:04:00,2016-01-06 13:28:00,85,1.6296,1.1503,2.3888
H01,dishwasher,2016-01-07 23:02:00,2016-01-08 00:30:00,89,1.6456,1.1094,2.4226
H01,dishwasher,2016-01-09 22:51:00,2016-01-10 00:19:00,89,1.6875,1.1376,2.3924
H01,dishwasher,2016-01-12 08:41:00,2016-01-12 10:08:00,88,1.723,1.1747,2.446
H01,dishwasher,2016-01-13 22:21:00,2016-01-13 23:50:00,90,1.7258,1.1505,2.3414
H01,dishwasher,2016-01-16 10:17:00,2016-01-16 11:50:00,94,1.7995,1.1486,2.3737
H01,dishwasher,2016-01-17 10:27:00,2016-01-17 11:56:00,90,1.7692,1.1795,2.428
H01,dishwasher,2016-01-18 13:33:00,2016-01-18 14:59:00,87,1.704,1.1752,2.4201
H01,dishwasher,2016-01-20 22:28:00,2016-01-20 23:58:00,91,1.799,1.1862,2.3487
H01,dishwasher,2016-01-22 13:06:00,2016-01-22 14:37:00,92,1.7873,1.1657,2.4276
H01,dishwasher,2016-01-24 10:09:00,2016-01-24 11:41:00,93,1.7706,1.1423,2.3869
H01,dishwasher,2016-01-25 22:43:00,2016-01-26 00:11:00,89,1.7217,1.1607,2.3572
H01,dishwasher,2016-01-27 22:08:00,2016-01-27 23:35:00,88,1.7061,1.1633,2.4235
H01,dishwasher,2016-01-30 08:54:00,2016-01-30 10:24:00,91,1.7594,1.1601,2.4054
H01,dishwasher,2016-01-31 12:12:00,2016-01-31 13:38:00,87,1.6649,1.1482,2.428
H01,dishwasher,2016-01-31 22:26:00,2016-01-31 23:52:00,87,1.6332,1.1264,2.3597
H01,dishwasher,2016-02-02 22:47:00,2016-02-03 00:13:00,87,1.6951,1.169,2.3807
H01,dishwasher,2016-02-04 23:16:00,2016-02-05 00:45:00,90,1.696,1.1307,2.3906
H01,dishwasher,2016-02-06 11:30:00,2016-02-06 12:58:00,89,1.7121,1.1542,2.3331
H01,dishwasher,2016-02-08 14:12:00,2016-02-08 15:39:00,88,1.7097,1.1657,2.4278
H01,dishwasher,2016-02-09 23:05:00,2016-02-10 00:33:00,89,1.7415,1.1741,2.3814
H01,dishwasher,2016-02-11 22:36:00,2016-02-12 00:06:00,91,1.7465,1.1515,2.3957
H01,dishwasher,2016-02-13 22:44:00,2016-02-14 00:14:00,91,1.7947,1.1833,2.4161
H01,dishwasher,2016-02-15 22:14:00,2016-02-15 23:42:00,89,1.7921,1.2082,2.3389
H01,dishwasher,2016-02-18 19:44:00,2016-02-18 21:12:00,89,1.7864,1.2043,2.3932
H01,dishwasher,2016-02-22 20:25:00,2016-02-22 21:56:00,92,1.7753,1.1578,2.3878
H01,dishwasher,2016-02-24 23:20:00,2016-02-25 00:51:00,92,1.792,1.1687,2.3501
H01,dishwasher,2016-02-26 22:46:00,2016-02-27 00:16:00,91,1.8526,1.2215,2.3984
H01,dishwasher,2016-02-28 09:26:00,2016-02-28 10:55:00,90,1.7439,1.1626,2.391
H01,dishwasher,2016-03-02 22:19:00,2016-03-02 23:50:00,92,1.7536,1.1436,2.362
H01,dishwasher,2016-03-04 23:25:00,2016-03-05 00:55:00,91,1.7726,1.1688,2.4148
H01,dishwasher,2016-03-06 22:29:00,2016-03-06 23:57:00,89,1.7267,1.1641,2.3796
H01,dishwasher,2016-03-09 13:28:00,2016-03-09 14:56:00,89,1.7641,1.1893,2.4313
H01,dishwasher,2016-03-11 12:45:00,2016-03-11 14:16:00,92,1.8139,1.183,2.443
H01,dishwasher,2016-03-12 23:09:00,2016-03-13 00:38:00,90,1.6998,1.1332,2.3988
H01,dishwasher,2016-03-13 11:48:00,2016-03-13 13:15:00,88,1.6863,1.1497,2.3686
H01,dishwasher,2016-03-14 22:04:00,2016-03-14 23:31:00,88,1.7162,1.1701,2.3483
H01,dishwasher,2016-03-16 22:12:00,2016-03-16 23:42:00,91,1.77,1.167,2.3934
H01,dishwasher,2016-03-19 22:33:00,2016-03-20 00:05:00,93,1.8284,1.1796,2.3836
H01,dishwasher,2016-03-21 22:10:00,2016-03-21 23:36:00,87,1.6765,1.1562,2.396
H01,dishwasher,2016-03-23 22:27:00,2016-03-23 23:53:00,87,1.6821,1.1601,2.4321
H01,dishwasher,2016-03-25 08:29:00,2016-03-25 09:58:00,90,1.6995,1.133,2.3645
H01,dishwasher,2016-03-29 20:51:00,2016-03-29 22:19:00,89,1.6958,1.1432,2.359
H01,dishwasher,2016-03-31 21:34:00,2016-03-31 23:01:00,88,1.727,1.1775,2.4098
H01,dishwasher,2016-04-02 21:45:00,2016-04-02 23:13:00,89,1.7216,1.1606,2.3843
H01,dishwasher,2016-04-04 21:26:00,2016-04-04 22:56:00,91,1.7059,1.1247,2.4118
H01,dishwasher,2016-04-06 14:33:00,2016-04-06 16:01:00,89,1.6681,1.1246,2.3965
H01,dishwasher,2016-04-11 21:32:00,2016-04-11 22:58:00,87,1.6615,1.1458,2.4054
H01,dishwasher,2016-04-14 21:53:00,2016-04-14 23:20:00,88,1.6861,1.1496,2.4097
H01,dishwasher,2016-04-16 21:06:00,2016-04-16 22:35:00,90,1.7188,1.1459,2.4187
H01,dishwasher,2016-04-18 21:31:00,2016-04-18 22:59:00,89,1.6867,1.1371,2.3889
H01,dishwasher,2016-04-21 07:25:00,2016-04-21 08:51:00,87,1.686,1.1628,2.4059
H01,dishwasher,2016-04-22 22:14:00,2016-04-22 23:40:00,87,1.6593,1.1443,2.3848
H01,dishwasher,2016-04-24 21:08:00,2016-04-24 22:37:00,90,1.7162,1.1441,2.3716
H01,dishwasher,2016-04-26 06:12:00,2016-04-26 07:39:00,88,1.691,1.1529,2.4108
H01,dishwasher,2016-04-28 22:16:00,2016-04-28 23:44:00,89,1.761,1.1872,2.4262
H01,dishwasher,2016-04-30 18:20:00,2016-04-30 19:46:00,87,1.6828,1.1606,2.413
H01,dishwasher,2016-05-02 09:53:00,2016-05-02 11:21:00,89,1.6113,1.0863,2.3127
H01,dishwasher,2016-05-03 21:50:00,2016-05-03 23:18:00,89,1.669,1.1252,2.3754
H01,dishwasher,2016-05-05 21:28:00,2016-05-05 22:52:00,85,1.6113,1.1374,2.386
H01,dishwasher,2016-05-07 13:44:00,2016-05-07 15:08:00,85,1.5726,1.1101,2.3779
H01,dishwasher,2016-05-08 21:05:00,2016-05-08 22:31:00,87,1.5852,1.0932,2.4196
H01,dishwasher,2016-05-11 16:44:00,2016-05-11 18:08:00,85,1.5633,1.1035,2.4077
H01,dishwasher,2016-05-12 21:20:00,2016-05-12 22:42:00,83,1.479,1.0691,2.3631
H01,dishwasher,2016-05-18 08:13:00,2016-05-18 09:35:00,83,1.5594,1.1273,2.4129
H01,dishwasher,2016-05-20 21:03:00,2016-05-20 22:31:00,89,1.6476,1.1107,2.4029
H01,dishwasher,2016-05-23 20:20:00,2016-05-23 21:46:00,87,1.6072,1.1084,2.3582
H01,dishwasher,2016-05-26 22:02:00,2016-05-26 23:26:00,85,1.5783,1.1141,2.4073
H01,dishwasher,2016-06-05 18:16:00,2016-06-05 19:41:00,86,1.5963,1.1137,2.4053
H01,dishwasher,2016-06-06 21:33:00,2016-06-06 22:57:00,85,1.5059,1.063,2.4411
H01,dishwasher,2016-06-08 07:35:00,2016-06-08 08:58:00,84,1.5216,1.0869,2.377
H01,dishwasher,2016-06-10 07:01:00,2016-06-10 08:23:00,83,1.5523,1.1221,2.3813
H01,dishwasher,2016-06-11 22:13:00,2016-06-11 23:35:00,83,1.4869,1.0749,2.3836
H01,dishwasher,2016-06-14 07:30:00,2016-06-14 08:56:00,87,1.5831,1.0918,2.3986
H01,dishwasher,2016-06-15 17:44:00,2016-06-15 19:08:00,85,1.5602,1.1013,2.3759
H01,dishwasher,2016-06-16 21:17:00,2016-06-16 22:42:00,86,1.5498,1.0813,2.3402
H01,dishwasher,2016-06-18 21:43:00,2016-06-18 23:06:00,84,1.5435,1.1025,2.3733
H01,dishwasher,2016-06-20 10:08:00,2016-06-20 11:32:00,85,1.5071,1.0639,2.425
H01,dishwasher,2016-06-21 13:50:00,2016-06-21 15:12:00,83,1.4792,1.0693,2.4032
H01,dishwasher,2016-06-22 21:59:00,2016-06-22 23:19:00,81,1.4861,1.1008,2.3703
H01,dishwasher,2016-06-24 19:47:00,2016-06-24 21:09:00,83,1.5262,1.1033,2.3742
H01,dishwasher,2016-06-25 13:34:00,2016-06-25 14:57:00,84,1.4383,1.0273,2.3446
H01,dishwasher,2016-06-27 21:52:00,2016-06-27 23:16:00,85,1.5301,1.0801,2.3776
H01,dishwasher,2016-06-28 22:27:00,2016-06-28 23:49:00,83,1.4951,1.0808,2.3933
H01,dishwasher,2016-06-29 22:25:00,2016-06-29 23:46:00,82,1.4491,1.0603,2.3894
H01,dishwasher,2016-07-02 11:23:00,2016-07-02 12:49:00,87,1.5941,1.0993,2.4206
H01,dishwasher,2016-07-05 21:49:00,2016-07-05 23:10:00,82,1.4422,1.0553,2.3532
H01,dishwasher,2016-07-08 08:29:00,2016-07-08 09:49:00,81,1.4694,1.0885,2.4082
H01,dishwasher,2016-07-09 22:15:00,2016-07-09 23:35:00,81,1.4166,1.0493,2.3399
H01,dishwasher,2016-07-11 08:25:00,2016-07-11 09:47:00,83,1.4208,1.0271,2.4047
H01,dishwasher,2016-07-12 21:18:00,2016-07-12 22:39:00,82,1.3997,1.0242,2.37
H01,dishwasher,2016-07-15 08:31:00,2016-07-15 09:51:00,81,1.4609,1.0821,2.3842
H01,dishwasher,2016-07-17 08:20:00,2016-07-17 09:41:00,82,1.46,1.0683,2.4207
H01,dishwasher,2016-07-20 06:46:00,2016-07-20 08:07:00,82,1.4085,1.0306,2.3856
H01,dishwasher,2016-07-21 18:13:00,2016-07-21 19:32:00,80,1.3387,1.004,2.3539
H01,dishwasher,2016-07-31 21:28:00,2016-07-31 22:49:00,82,1.4397,1.0534,2.3874
H01,dishwasher,2016-08-03 07:51:00,2016-08-03 09:13:00,83,1.4897,1.0769,2.3599
H01,dishwasher,2016-08-06 23:55:00,2016-08-07 01:17:00,83,1.437,1.0388,2.4086
H01,dishwasher,2016-08-08 19:53:00,2016-08-08 21:15:00,83,1.4512,1.0491,2.3776
H01,dishwasher,2016-08-12 07:13:00,2016-08-12 08:34:00,82,1.4793,1.0825,2.4187
H01,dishwasher,2016-08-14 20:21:00,2016-08-14 21:40:00,80,1.4178,1.0633,2.401
H01,dishwasher,2016-08-15 21:31:00,2016-08-15 22:52:00,82,1.3662,0.9996,2.3758
H01,dishwasher,2016-08-17 07:44:00,2016-08-17 09:04:00,81,1.3986,1.036,2.4089
H01,dishwasher,2016-08-19 14:01:00,2016-08-19 15:22:00,82,1.4509,1.0617,2.4056
H01,dishwasher,2016-08-20 18:01:00,2016-08-20 19:22:00,82,1.4442,1.0567,2.3755
H01,dishwasher,2016-08-21 21:39:00,2016-08-21 23:01:00,83,1.4458,1.0452,2.3801
H01,dishwasher,2016-08-22 08:48:00,2016-08-22 10:25:00,98,1.4037,0.8594,2.4321
H01,dishwasher,2016-08-23 21:47:00,2016-08-23 23:07:00,81,1.4278,1.0577,2.3962
H01,dishwasher,2016-08-25 07:20:00,2016-08-25 08:41:00,82,1.4308,1.047,2.359
H01,dishwasher,2016-08-26 20:46:00,2016-08-26 22:08:00,83,1.4005,1.0124,2.4172
H01,dishwasher,2016-08-27 21:28:00,2016-08-27 22:49:00,82,1.4055,1.0284,2.3984
H01,dishwasher,2016-08-28 22:10:00,2016-08-28 23:30:00,81,1.4253,1.0557,2.4147
H01,dishwasher,2016-09-02 08:58:00,2016-09-02 10:22:00,85,1.5389,1.0863,2.3924
H01,dishwasher,2016-09-04 09:22:00,2016-09-04 10:45:00,84,1.4513,1.0366,2.3822
H01,dishwasher,2016-09-04 17:44:00,2016-09-04 19:05:00,82,1.4013,1.0253,2.3346
H01,dishwasher,2016-09-06 22:00:00,2016-09-06 23:20:00,81,1.4312,1.0602,2.3799
H01,dishwasher,2016-09-08 22:10:00,2016-09-08 23:31:00,82,1.4415,1.0548,2.43
H01,dishwasher,2016-09-10 21:44:00,2016-09-10 23:06:00,83,1.3922,1.0064,2.4082
H01,dishwasher,2016-09-12 20:43:00,2016-09-12 22:04:00,82,1.4441,1.0567,2.3844
H01,dishwasher,2016-09-14 21:28:00,2016-09-14 22:49:00,82,1.4359,1.0507,2.3596
H01,dishwasher,2016-09-17 09:52:00,2016-09-17 11:14:00,83,1.5091,1.091,2.3568
H01,dishwasher,2016-09-18 21:47:00,2016-09-18 23:12:00,86,1.4994,1.0461,2.348
H01,dishwasher,2016-09-21 21:23:00,2016-09-21 22:46:00,84,1.511,1.0793,2.3726
H01,dishwasher,2016-09-23 12:03:00,2016-09-23 13:25:00,83,1.522,1.1003,2.4159
H01,dishwasher,2016-09-24 21:56:00,2016-09-24 23:17:00,82,1.4672,1.0736,2.3974
H01,dishwasher,2016-09-26 08:15:00,2016-09-26 09:37:00,83,1.484,1.0727,2.3811
H01,dishwasher,2016-09-27 21:41:00,2016-09-27 23:04:00,84,1.4753,1.0538,2.3686
H01,dishwasher,2016-09-28 21:12:00,2016-09-28 22:33:00,82,1.4628,1.0704,2.3907
H01,dishwasher,2016-09-30 21:27:00,2016-09-30 22:50:00,84,1.5191,1.0851,2.4119
H01,dishwasher,2016-10-01 21:47:00,2016-10-01 23:13:00,87,1.5651,1.0794,2.3901
H01,dishwasher,2016-10-02 21:29:00,2016-10-02 22:52:00,84,1.4825,1.0589,2.3713
H01,dishwasher,2016-10-04 09:27:00,2016-10-04 10:49:00,83,1.5215,1.0999,2.4007
H01,dishwasher,2016-10-04 22:22:00,2016-10-04 23:44:00,83,1.4848,1.0733,2.4059
H01,dishwasher,2016-10-05 22:05:00,2016-10-05 23:31:00,87,1.5506,1.0694,2.3672
H01,dishwasher,2016-10-07 12:13:00,2016-10-07 13:37:00,85,1.5393,1.0865,2.3764
H01,dishwasher,2016-10-07 23:05:00,2016-10-08 00:28:00,84,1.5372,1.098,2.3757
H01,dishwasher,2016-10-08 13:15:00,2016-10-08 14:37:00,83,1.4721,1.0642,2.3712
H01,dishwasher,2016-10-09 17:45:00,2016-10-09 19:11:00,87,1.5511,1.0697,2.2874
H01,dishwasher,2016-10-10 21:10:00,2016-10-10 22:36:00,87,1.57,1.0828,2.3486
H01,dishwasher,2016-10-12 12:39:00,2016-10-12 14:03:00,85,1.5653,1.1049,2.3938
H01,dishwasher,2016-10-13 22:00:00,2016-10-13 23:22:00,83,1.5655,1.1317,2.4128
H01,dishwasher,2016-10-15 20:01:00,2016-10-15 21:27:00,87,1.6094,1.1099,2.4536
H01,dishwasher,2016-10-17 08:16:00,2016-10-17 09:40:00,85,1.5433,1.0894,2.4161
H01,dishwasher,2016-10-19 09:18:00,2016-10-19 10:41:00,84,1.5207,1.0862,2.3414
H01,dishwasher,2016-10-20 12:25:00,2016-10-20 13:47:00,83,1.5674,1.133,2.5006
H01,dishwasher,2016-10-26 20:12:00,2016-10-26 21:39:00,88,1.6247,1.1077,2.3692
H01,dishwasher,2016-10-30 00:39:00,2016-10-30 02:04:00,86,1.576,1.0995,2.4193
H01,dishwasher,2016-10-31 13:40:00,2016-10-31 15:05:00,86,1.589,1.1086,2.4118
H01,dishwasher,2016-11-02 11:07:00,2016-11-02 12:32:00,86,1.6175,1.1285,2.3636
H01,dishwasher,2016-11-03 13:27:00,2016-11-03 14:55:00,89,1.6504,1.1126,2.4189
H01,dishwasher,2016-11-04 23:12:00,2016-11-05 00:39:00,88,1.6585,1.1308,2.4058
H01,dishwasher,2016-11-06 22:59:00,2016-11-07 00:25:00,87,1.6623,1.1464,2.3868
H01,dishwasher,2016-11-08 08:01:00,2016-11-08 09:26:00,86,1.6262,1.1345,2.435
H01,dishwasher,2016-11-09 12:11:00,2016-11-09 13:38:00,88,1.6566,1.1295,2.4297
H01,dishwasher,2016-11-11 13:49:00,2016-11-11 15:16:00,88,1.7079,1.1645,2.4144
H01,dishwasher,2016-11-13 01:27:00,2016-11-13 02:51:00,85,1.6295,1.1502,2.409
H01,dishwasher,2016-11-13 23:03:00,2016-11-14 00:32:00,90,1.7182,1.1455,2.3897
H01,dishwasher,2016-11-14 22:25:00,2016-11-14 23:53:00,89,1.6471,1.1104,2.4023
H01,dishwasher,2016-11-16 23:35:00,2016-11-17 01:00:00,86,1.6004,1.1166,2.3811
H01,dishwasher,2016-11-17 16:56:00,2016-11-17 18:20:00,85,1.6052,1.1331,2.3741
H01,dishwasher,2016-11-18 22:49:00,2016-11-19 00:15:00,87,1.6565,1.1424,2.3892
H01,dishwasher,2016-11-19 23:29:00,2016-11-20 00:58:00,90,1.7103,1.1402,2.37
H01,dishwasher,2016-11-21 22:39:00,2016-11-22 00:06:00,88,1.6775,1.1438,2.461
H01,dishwasher,2016-11-23 18:26:00,2016-11-23 19:56:00,91,1.8002,1.187,2.3373
H01,dishwasher,2016-11-24 22:28:00,2016-11-24 23:55:00,88,1.6833,1.1477,2.3893
H01,dishwasher,2016-11-26 22:55:00,2016-11-27 00:24:00,90,1.7165,1.1443,2.3754
H01,dishwasher,2016-11-27 22:55:00,2016-11-28 00:22:00,88,1.6629,1.1338,2.4348
H01,dishwasher,2016-11-29 22:56:00,2016-11-30 00:24:00,89,1.7426,1.1748,2.4752
H01,dishwasher,2016-12-01 12:57:00,2016-12-01 14:23:00,87,1.7192,1.1857,2.4396
H01,dishwasher,2016-12-06 12:41:00,2016-12-06 14:10:00,90,1.7105,1.1403,2.4071
H01,dishwasher,2016-12-07 22:55:00,2016-12-08 00:23:00,89,1.7325,1.168,2.3887
H01,dishwasher,2016-12-09 23:02:00,2016-12-10 00:30:00,89,1.7261,1.1636,2.3788
H01,dishwasher,2016-12-10 22:49:00,2016-12-11 00:15:00,87,1.6206,1.1176,2.3771
H01,dishwasher,2016-12-11 22:35:00,2016-12-12 00:03:00,89,1.6592,1.1186,2.4328
H01,dishwasher,2016-12-13 17:56:00,2016-12-13 19:24:00,89,1.6941,1.1421,2.3848
H01,dishwasher,2016-12-14 22:11:00,2016-12-14 23:35:00,85,1.6611,1.1726,2.3747
H01,dishwasher,2016-12-16 22:37:00,2016-12-17 00:03:00,87,1.6925,1.1673,2.3884
H01,dishwasher,2016-12-17 22:14:00,2016-12-17 23:42:00,89,1.6476,1.1107,2.3837
H01,dishwasher,2016-12-19 23:13:00,2016-12-20 00:40:00,88,1.6813,1.1464,2.385
H01,dishwasher,2016-12-21 12:40:00,2016-12-21 14:06:00,87,1.6631,1.147,2.3882
H01,dishwasher,2016-12-22 13:47:00,2016-12-22 15:14:00,88,1.6973,1.1572,2.3474
H01,dishwasher,2016-12-24 00:55:00,2016-12-24 02:23:00,89,1.6716,1.1269,2.3934
H01,dishwasher,2016-12-26 10:40:00,2016-12-26 12:09:00,90,1.7283,1.1522,2.3532
H01,dishwasher,2017-01-06 10:28:00,2017-01-06 11:55:00,88,1.7239,1.1754,2.4132
H01,dishwasher,2017-01-07 10:00:00,2017-01-07 11:25:00,86,1.6709,1.1657,2.3936
H01,dishwasher,2017-01-08 14:37:00,2017-01-08 16:09:00,93,1.7355,1.1197,2.3871
H01,dishwasher,2017-01-09 19:02:00,2017-01-09 20:31:00,90,1.7413,1.1609,2.3782
H01,dishwasher,2017-01-11 12:56:00,2017-01-11 14:23:00,88,1.7185,1.1717,2.4579
H01,dishwasher,2017-01-13 08:18:00,2017-01-13 09:46:00,89,1.7697,1.193,2.4227
H01,dishwasher,2017-01-14 18:02:00,2017-01-14 19:33:00,92,1.8012,1.1747,2.4139
H01,dishwasher,2017-01-15 22:46:00,2017-01-16 00:15:00,90,1.7232,1.1488,2.3764
H01,dishwasher,2017-01-16 22:15:00,2017-01-16 23:43:00,89,1.7348,1.1695,2.392
H01,dishwasher,2017-01-17 21:25:00,2017-01-17 22:51:00,87,1.732,1.1945,2.3616
H01,dishwasher,2017-01-18 22:51:00,2017-01-19 00:21:00,91,1.7354,1.1442,2.4016
H01,dishwasher,2017-01-20 22:22:00,2017-01-20 23:52:00,91,1.8306,1.207,2.4013
H01,dishwasher,2017-01-22 13:59:00,2017-01-22 15:31:00,93,1.8914,1.2203,2.3754
H01,dishwasher,2017-01-23 22:09:00,2017-01-23 23:37:00,89,1.7861,1.2041,2.3782
H01,dishwasher,2017-01-25 08:09:00,2017-01-25 09:39:00,91,1.7668,1.1649,2.4256
H01,dishwasher,2017-01-26 21:53:00,2017-01-26 23:23:00,91,1.7923,1.1817,2.4189
H01,dishwasher,2017-01-29 22:52:00,2017-01-30 00:19:00,88,1.7403,1.1866,2.3794
H01,dishwasher,2017-01-30 18:33:00,2017-01-30 20:01:00,89,1.741,1.1737,2.3926
H01,dishwasher,2017-02-01 08:12:00,2017-02-01 09:42:00,91,1.7502,1.154,2.4547
H01,dishwasher,2017-02-01 22:22:00,2017-02-01 23:49:00,88,1.6325,1.1131,2.3849
H01,dishwasher,2017-02-03 00:53:00,2017-02-03 02:20:00,88,1.6914,1.1532,2.3681
H01,dishwasher,2017-02-04 14:34:00,2017-02-04 16:03:00,90,1.7676,1.1784,2.3786
H01,dishwasher,2017-02-06 07:58:00,2017-02-06 09:28:00,91,1.7627,1.1622,2.4267
H01,dishwasher,2017-02-06 22:01:00,2017-02-06 23:28:00,88,1.6657,1.1357,2.3841
H01,dishwasher,2017-02-08 22:18:00,2017-02-08 23:46:00,89,1.7601,1.1866,2.3854
H01,dishwasher,2017-02-10 13:29:00,2017-02-10 14:59:00,91,1.8061,1.1908,2.4254
H01,dishwasher,2017-02-18 10:05:00,2017-02-18 11:33:00,89,1.6785,1.1316,2.4146
H01,dishwasher,2017-02-19 14:02:00,2017-02-19 15:29:00,88,1.7203,1.1729,2.426
H01,dishwasher,2017-02-20 22:25:00,2017-02-20 23:52:00,88,1.6991,1.1585,2.3606
H01,dishwasher,2017-02-22 21:45:00,2017-02-22 23:12:00,88,1.701,1.1598,2.368
H01,dishwasher,2017-02-24 10:09:00,2017-02-24 11:37:00,89,1.6888,1.1385,2.4742
H01,dishwasher,2017-02-25 22:01:00,2017-02-25 23:29:00,89,1.7052,1.1496,2.3811
H01,dishwasher,2017-02-26 14:48:00,2017-02-26 16:15:00,88,1.7118,1.1671,2.4119
H01,dishwasher,2017-02-27 22:39:00,2017-02-28 00:05:00,87,1.6775,1.1569,2.3717
H01,dishwasher,2017-02-28 22:02:00,2017-02-28 23:31:00,90,1.7421,1.1614,2.4358
H01,dishwasher,2017-03-01 23:34:00,2017-03-02 00:59:00,86,1.6298,1.1371,2.4114
H01,dishwasher,2017-03-02 22:41:00,2017-03-03 00:07:00,87,1.7116,1.1804,2.4071
H01,dishwasher,2017-03-03 21:48:00,2017-03-03 23:13:00,86,1.625,1.1337,2.3728
H01,dishwasher,2017-03-04 22:10:00,2017-03-04 23:39:00,90,1.6803,1.1202,2.4112
H01,dishwasher,2017-03-06 14:33:00,2017-03-06 16:00:00,88,1.665,1.1352,2.417
H01,dishwasher,2017-03-06 22:18:00,2017-03-06 23:43:00,86,1.6151,1.1268,2.3898
H01,dishwasher,2017-03-07 22:35:00,2017-03-08 00:03:00,89,1.7372,1.1711,2.377
H01,dishwasher,2017-03-08 23:36:00,2017-03-09 01:01:00,86,1.5613,1.0893,2.4089
H01,dishwasher,2017-03-09 23:46:00,2017-03-10 01:12:00,87,1.6204,1.1175,2.4253
H01,dishwasher,2017-03-11 14:34:00,2017-03-11 16:02:00,89,1.7308,1.1668,2.3834
H01,dishwasher,2017-03-12 23:21:00,2017-03-13 00:47:00,87,1.6522,1.1395,2.402
H01,dishwasher,2017-03-13 23:11:00,2017-03-14 00:39:00,89,1.6716,1.1269,2.3757
H01,dishwasher,2017-03-14 22:36:00,2017-03-15 00:01:00,86,1.6332,1.1395,2.4091
H01,dishwasher,2017-03-15 20:49:00,2017-03-15 22:13:00,85,1.5811,1.1161,2.3744
H01,dishwasher,2017-03-16 21:38:00,2017-03-16 23:02:00,85,1.5904,1.1226,2.4869
H01,dishwasher,2017-03-18 22:36:00,2017-03-19 00:03:00,88,1.6338,1.114,2.4306
H01,dishwasher,2017-03-19 23:33:00,2017-03-20 00:59:00,87,1.6295,1.1238,2.3946
H01,dishwasher,2017-03-20 22:11:00,2017-03-20 23:36:00,86,1.6436,1.1467,2.3958
H01,dishwasher,2017-03-21 22:08:00,2017-03-21 23:32:00,85,1.6251,1.1471,2.3984
H01,dishwasher,2017-03-22 21:10:00,2017-03-22 22:36:00,87,1.5708,1.0833,2.3788
H01,dishwasher,2017-03-23 22:44:00,2017-03-24 00:11:00,88,1.6388,1.1174,2.3912
H01,dishwasher,2017-03-24 13:46:00,2017-03-24 15:10:00,85,1.5796,1.115,2.3809
H01,dishwasher,2017-03-27 10:07:00,2017-03-27 11:32:00,86,1.6097,1.1231,2.3469
H01,dishwasher,2017-03-27 21:20:00,2017-03-27 22:47:00,88,1.6022,1.0924,2.4291
H01,dishwasher,2017-03-28 22:56:00,2017-03-29 00:23:00,88,1.6521,1.1264,2.4183
H01,dishwasher,2017-03-29 20:58:00,2017-03-29 22:22:00,85,1.6074,1.1346,2.3993
H01,dishwasher,2017-03-30 22:04:00,2017-03-30 23:29:00,86,1.5656,1.0922,2.337
H01,dishwasher,2017-04-01 23:40:00,2017-04-02 01:06:00,87,1.5718,1.084,2.4199
H01,dishwasher,2017-04-02 21:28:00,2017-04-02 22:52:00,85,1.5246,1.0762,2.3692
H01,dishwasher,2017-04-03 13:07:00,2017-04-03 14:31:00,85,1.6123,1.1381,2.412
H01,dishwasher,2017-04-03 22:12:00,2017-04-03 23:36:00,85,1.5811,1.1161,2.3847
H01,dishwasher,2017-04-04 17:45:00,2017-04-04 19:19:00,95,1.6814,1.0619,2.3941
H01,dishwasher,2017-04-05 22:35:00,2017-04-06 00:02:00,88,1.6718,1.1398,2.3971
H01,dishwasher,2017-04-06 21:01:00,2017-04-06 22:26:00,86,1.6427,1.146,2.3834
H01,dishwasher,2017-04-07 22:05:00,2017-04-07 23:28:00,84,1.5661,1.1187,2.4843
H01,dishwasher,2017-04-08 20:50:00,2017-04-08 22:18:00,89,1.6415,1.1066,2.4114
H01,dishwasher,2017-04-09 21:42:00,2017-04-09 23:08:00,87,1.6049,1.1068,2.4699
H01,dishwasher,2017-04-11 05:51:00,2017-04-11 07:16:00,86,1.6198,1.1301,2.3738
H01,dishwasher,2017-04-15 21:06:00,2017-04-15 22:31:00,86,1.6336,1.1397,2.4306
H01,dishwasher,2017-04-16 21:53:00,2017-04-16 23:21:00,89,1.6086,1.0845,2.4081
H01,dishwasher,2017-04-17 21:31:00,2017-04-17 22:55:00,85,1.5389,1.0863,2.3943
H01,dishwasher,2017-04-18 23:05:00,2017-04-19 00:30:00,86,1.5935,1.1118,2.3999
H01,dishwasher,2017-04-19 20:46:00,2017-04-19 22:09:00,84,1.5649,1.1178,2.4262
H01,dishwasher,2017-04-20 23:11:00,2017-04-21 00:39:00,89,1.6488,1.1115,2.385
H01,dishwasher,2017-04-22 00:21:00,2017-04-22 01:46:00,86,1.5908,1.1098,2.381
H01,dishwasher,2017-04-22 19:51:00,2017-04-22 21:17:00,87,1.688,1.1642,2.4137
H01,dishwasher,2017-04-23 08:34:00,2017-04-23 09:56:00,83,1.5841,1.1451,2.4126
H01,dishwasher,2017-04-23 22:00:00,2017-04-23 23:25:00,86,1.5809,1.103,2.4075
H01,dishwasher,2017-04-24 20:54:00,2017-04-24 22:20:00,87,1.6527,1.1398,2.398
H01,dishwasher,2017-04-25 21:44:00,2017-04-25 23:09:00,86,1.6276,1.1355,2.4169
